transaction_id,delivery_date,destination_name,destination_address,package_count,delivery_time_slot_code,poi_category_key,poi_category_value
TXN_BDD640FB,2026-05-25,ファミリーマート,神奈川県相模原市南区古淵一丁目13,3,1,shop,convenience
TXN_1A3D1FA7,2026-05-25,ファミリーマート,神奈川県大和市中央林間四丁目20,5,1,shop,convenience
TXN_07A0CA6E,2026-05-25,ファミリーマート,神奈川県相模原市緑区小渕2,1,1,shop,convenience
TXN_06CB0FB3,2026-05-25,セブン-イレブン,神奈川県大和市深見西二丁目4,5,1,shop,convenience
TXN_8B8148F6,2026-05-25,ファミリーマート,神奈川県大和市深見西二丁目2,4,1,shop,convenience
TXN_CF36D58B,2026-05-25,ローソンストア100,神奈川県大和市深見東一丁目13,1,1,shop,convenience
TXN_47229389,2026-05-25,ファミリーマート,神奈川県厚木市元町25,2,1,shop,convenience
TXN_1A2A73ED,2026-05-25,ファミリーマート,神奈川県厚木市下荻野4,1,2,shop,convenience
TXN_580D7B71,2026-05-25,ファミリーマート,神奈川県横浜市港北区菊名六丁目12,5,2,shop,convenience
TXN_759CDE66,2026-05-25,ローソン,神奈川県横浜市神奈川区反町二丁目6,5,1,shop,convenience
TXN_142C3FE8,2026-05-25,ファミリーマート,神奈川県相模原市南区相模台五丁目7,5,2,shop,convenience
TXN_E2ACF72F,2026-05-25,セブン-イレブン,神奈川県横浜市青葉区奈良町,3,3,shop,convenience
TXN_0BBB2599,2026-05-25,ファミリーマート,神奈川県横浜市鶴見区生麦三丁目21,2,2,shop,convenience
TXN_3B982EF8,2026-05-25,ファミリーマート,神奈川県横浜市中区根岸町一丁目,1,2,shop,convenience
TXN_D58842DE,2026-05-25,セブン-イレブン,神奈川県横浜市磯子区岡村521,3,1,shop,convenience
TXN_AB9099A4,2026-05-25,ファミリーマート,神奈川県川崎市中原区,3,3,shop,convenience
TXN_12476F57,2026-05-25,ファミリーマート,神奈川県厚木市旭町二丁目14,5,3,shop,convenience
TXN_3EABEDCB,2026-05-25,ローソン,神奈川県横浜市港北区綱島西12,2,2,shop,convenience
TXN_ECE66FA2,2026-05-25,ミニストップ,神奈川県厚木市旭町四丁目1,5,1,shop,convenience
TXN_C4B032CC,2026-05-25,厚木旭郵便局,神奈川県厚木市泉町11,1,1,amenity,post_office
TXN_50C187FC,2026-05-25,厚木旭町五郵便局,神奈川県厚木市旭町5丁目3,4,2,amenity,post_office
TXN_F16287E4,2026-05-25,セブン-イレブン,神奈川県海老名市大谷北1丁目21,5,3,shop,convenience
TXN_7FCD9EB1,2026-05-25,セブン-イレブン,神奈川県海老名市中央1丁目1,4,3,shop,convenience
TXN_23BED01D,2026-05-25,セブン-イレブン,神奈川県相模原市南区上鶴間本町五丁目2,2,3,shop,convenience
TXN_BF3C4C06,2026-05-25,ファミリーマート,神奈川県厚木市岡田一丁目17,5,2,shop,convenience
TXN_5CABCC97,2026-05-25,ファミリーマート,神奈川県厚木市中町二丁目5,2,1,shop,convenience
TXN_C17AF08A,2026-05-25,ファミリーマート,神奈川県川崎市多摩区登戸2,1,1,shop,convenience
TXN_CAC5B68C,2026-05-25,セブン-イレブン,神奈川県横浜市港南区港南台二丁目,4,3,shop,convenience
TXN_988C24C9,2026-05-25,みずほ銀行,神奈川県相模原市松が枝町1,4,3,amenity,bank
TXN_DC5C0EED,2026-05-25,ファミリーマート,神奈川県座間市相武台三丁目43,1,3,shop,convenience
TXN_E2817EFD,2026-05-25,ファミリーマート,神奈川県川崎市麻生区上麻生五丁目30,5,2,shop,convenience
TXN_1C8EAEE9,2026-05-25,ファミリーマート,神奈川県座間市相模が丘一丁目22,3,2,shop,convenience
TXN_F42D47CC,2026-05-25,ファミリーマート,神奈川県川崎市麻生区上麻生五丁目1,3,3,shop,convenience
TXN_E9A1FA6F,2026-05-25,ファミリーマート,神奈川県相模原市南区相模大野七丁目10,1,3,shop,convenience
TXN_81F631D4,2026-05-25,セブン-イレブン,神奈川県相模原市南区相模大野七丁目3,5,1,shop,convenience
TXN_295B4715,2026-05-25,ファミリーマート,神奈川県川崎市多摩区,5,3,shop,convenience
TXN_52FBE43B,2026-05-25,ファミリーマート,神奈川県川崎市多摩区宿河原三丁目4,4,1,shop,convenience
TXN_E0F3EAB0,2026-05-25,セブン-イレブン,神奈川県大和市上草柳一丁目7,3,1,shop,convenience
TXN_913E4DE2,2026-05-25,ファミリーマート,神奈川県座間市相模が丘二丁目13,1,1,shop,convenience
TXN_11B7E948,2026-05-25,ローソン・スリーエフ,神奈川県海老名市泉1丁目6,5,1,shop,convenience
TXN_F264ACCC,2026-05-25,ローソン,神奈川県座間市入谷西5丁目17,5,1,shop,convenience
TXN_9B49BD26,2026-05-25,デイリーヤマザキ,神奈川県横浜市西区みなとみらい一丁目1,4,1,shop,convenience
TXN_BADCC32A,2026-05-25,セブン-イレブン,神奈川県横浜市港北区高田東317,2,3,shop,convenience
TXN_ABF3AD39,2026-05-25,ファミリーマート,神奈川県横浜市青葉区市ケ尾町10,3,2,shop,convenience
TXN_1EFA2197,2026-05-25,ローソン,神奈川県相模原市南区相南435,2,1,shop,convenience
TXN_969B6662,2026-05-25,セブン-イレブン,神奈川県大和市渋谷五丁目1,5,1,shop,convenience
TXN_122C9A56,2026-05-25,厚木東町郵便局,神奈川県厚木市厚木町1-102,1,1,amenity,post_office
TXN_DC1110C1,2026-05-25,ファミリーマート,神奈川県川崎市麻生区百合丘三丁目19,3,1,shop,convenience
TXN_AB4220A7,2026-05-25,江田駅前薬局,青葉区荏田町3,4,1,amenity,pharmacy
TXN_EF7DDC76,2026-05-25,ファミリーマート,神奈川県横浜市鶴見区矢向 一丁目15,5,3,shop,convenience
TXN_7914C120,2026-05-25,ファミリーマート,神奈川県横浜市青葉区美しが丘二丁目3,4,1,shop,convenience
TXN_6E595ED3,2026-05-25,セブン-イレブン,神奈川県横浜市西区みなとみらい3丁目3,3,2,shop,convenience
TXN_BAA4B71A,2026-05-25,ファミリーマート,神奈川県秦野市本町二丁目1,1,3,shop,convenience
TXN_1931E9EE,2026-05-25,ファミリーマート,神奈川県横浜市鶴見区岸谷一丁目9,1,2,shop,convenience
TXN_DC96925E,2026-05-25,ローソン・スリーエフ,神奈川県横浜市鶴見区向井町1丁目1,1,1,shop,convenience
TXN_72D8567D,2026-05-25,ファミリーマート,神奈川県川崎市高津区向ケ丘1,2,2,shop,convenience
TXN_3FF350BF,2026-05-25,ローソン,神奈川県海老名市河原口4丁目8,1,2,shop,convenience
TXN_8CE21EA3,2026-05-25,ファミリーマート,神奈川県横浜市泉区緑園三丁目1,1,1,shop,convenience
TXN_D605E770,2026-05-25,セブン-イレブン,神奈川県横浜市泉区緑園11,1,1,shop,convenience
TXN_3C835DC0,2026-05-25,ファミリーマート,神奈川県相模原市南区上鶴間本町八丁目5,2,2,shop,convenience
TXN_DD59BA71,2026-05-25,江ノ島郵便局,神奈川県藤沢市江の島,4,1,amenity,post_office
TXN_FC3D3348,2026-05-25,ファミリーマート,神奈川県横浜市青葉区奈良一丁目1,4,2,shop,convenience
TXN_747B6DBA,2026-05-25,ファミリーマート,神奈川県川崎市宮前区鷺沼三丁目20,3,2,shop,convenience
TXN_FED4057D,2026-05-25,ローソン・スリーエフ,神奈川県座間市栗原中央2丁目15,5,3,shop,convenience
TXN_309D258C,2026-05-25,セブン-イレブン,神奈川県横浜市緑区長津田七丁目1号,3,1,shop,convenience
TXN_BC594585,2026-05-25,ローソン,神奈川県横浜市中区本町四丁目,5,1,shop,convenience
TXN_0CD620C2,2026-05-25,セブン-イレブン,神奈川県大和市渋谷八丁目1,5,2,shop,convenience
TXN_87F7E1FB,2026-05-25,ローソン・スリーエフ,神奈川県海老名市杉久保南1丁目19,2,1,shop,convenience
TXN_D9F195D0,2026-05-25,セブン-イレブン,神奈川県川崎市高津区下作延３１７,2,1,shop,convenience
TXN_DCA02EEC,2026-05-25,ファミリーマート,神奈川県相模原市南区相模大野八丁目6,2,2,shop,convenience
TXN_91D63F78,2026-05-25,ローソン,神奈川県大和市鶴間二丁目24,2,3,shop,convenience
TXN_14FCDD54,2026-05-25,ファミリーマート,神奈川県横浜市南区宮元町四丁目,4,3,shop,convenience
TXN_50FD9D3F,2026-05-25,ファミリーマート,神奈川県横浜市南区井土ヶ谷中町,3,1,shop,convenience
TXN_3D1A85DD,2026-05-25,ファミリーマート,神奈川県川崎市高津区久本二丁目15,3,2,shop,convenience
TXN_4CCC9BC2,2026-05-25,横浜妙蓮寺郵便局,神奈川県横浜市港北区菊名一丁目9,4,2,amenity,post_office
TXN_12922F83,2026-05-25,セブン-イレブン,神奈川県横浜市港北区仲手原二丁目,1,2,shop,convenience
TXN_FF002D4D,2026-05-25,セブン-イレブン,神奈川県横浜市港北区仲手原二丁目45,1,1,shop,convenience
TXN_43E42CAF,2026-05-25,ローソン・スリーエフ,神奈川県横浜市港北区菊名一丁目23,2,2,shop,convenience
TXN_3E896C64,2026-05-25,セブン-イレブン,神奈川県横浜市神奈川区六角橋一丁目7,3,2,shop,convenience
TXN_8B10550C,2026-05-25,ローソン,神奈川県横浜市港北区篠原台町1,3,3,shop,convenience
TXN_A76AFDE6,2026-05-25,ファミリーマート,神奈川県大和市草柳三丁目1,5,1,shop,convenience
TXN_4CA415EA,2026-05-25,セブン-イレブン,神奈川県横浜市神奈川区白幡向町16,1,1,shop,convenience
TXN_1B66B5A9,2026-05-25,セブン-イレブン,神奈川県横浜市瀬谷区中央16,5,1,shop,convenience
TXN_35EBD32D,2026-05-25,ハックドラッグ,神奈川県横浜市瀬谷区中央10,3,1,amenity,pharmacy
TXN_439472E6,2026-05-25,横浜銀行,神奈川県横浜市瀬谷区中央15,5,2,amenity,bank
TXN_D89A40C0,2026-05-25,港北郵便局,横浜市港北区菊名6丁目20−18,1,1,amenity,post_office
TXN_46D483F3,2026-05-25,かしわ台駅前郵便局,神奈川県海老名市柏ケ谷3,1,1,amenity,post_office
TXN_A319DCB4,2026-05-25,さがみ野駅前郵便局,神奈川県座間市さがみ野2丁目23,3,1,amenity,post_office
TXN_B4A69F3C,2026-05-25,北下浦郵便局,神奈川県横須賀市グリーンハイツ8,4,3,amenity,post_office
TXN_F1EEDBA3,2026-05-25,南万騎が原駅前郵便局,神奈川県横浜市旭区柏町10,2,3,amenity,post_office
TXN_951F58D0,2026-05-25,南足柄郵便局,小田原山北線,5,1,amenity,post_office
TXN_4EEA04E7,2026-05-25,厚木北郵便局,神奈川県厚木市下荻野,3,1,amenity,post_office
TXN_AE9BEC36,2026-05-25,厚木愛甲郵便局,神奈川県厚木市愛甲西3丁目14,2,3,amenity,post_office
TXN_8F5486B7,2026-05-25,厚木森の里郵便局,神奈川県厚木市森の里1丁目3,4,3,amenity,post_office
TXN_EE0CAEB5,2026-05-25,厚木鳶尾郵便局,神奈川県厚木市鳶尾2丁目,2,1,amenity,post_office
TXN_2D534DD0,2026-05-25,幕山公園通郵便局,神奈川県湯河原町中央二丁目15,4,1,amenity,post_office
TXN_550A1B46,2026-05-25,吉野郵便局,神奈川県相模原市緑区吉野,4,3,amenity,post_office
TXN_3F87E362,2026-05-25,和田河原駅前郵便局,神奈川県南足柄市和田河原1,3,1,amenity,post_office
TXN_61EE411A,2026-05-25,国分郵便局,神奈川県海老名市国分南2丁目1,1,2,amenity,post_office
TXN_EB1FA9F2,2026-05-25,大塚本町郵便局,神奈川県海老名市東柏ケ谷1丁目2,4,2,amenity,post_office
TXN_DF0F06CB,2026-05-25,寒川倉見郵便局,神奈川県寒川町倉見12,2,1,amenity,post_office
TXN_6601DDD0,2026-05-25,小田原扇町郵便局,神奈川県小田原市扇町三丁目28,3,2,amenity,post_office
TXN_C5F8BC16,2026-05-25,小田原飯田岡郵便局,神奈川県小田原市飯田岡1,3,2,amenity,post_office
TXN_ADF4E62D,2026-05-25,川崎中野島北郵便局,神奈川県川崎市多摩区中野島六丁目3,5,2,amenity,post_office
TXN_E08596DB,2026-05-25,川崎中野島郵便局,神奈川県川崎市多摩区中野島一丁目1,3,1,amenity,post_office
TXN_43F59A85,2026-05-25,川崎古市場郵便局,神奈川県川崎市幸区下平間,1,1,amenity,post_office
TXN_BA81EDD9,2026-05-25,川崎塚越郵便局,神奈川県川崎市幸区塚越二丁目7,3,2,amenity,post_office
TXN_1D9AF659,2026-05-25,川崎野川郵便局,神奈川県川崎市宮前区野川本町二丁目,4,3,amenity,post_office
TXN_B572F3D0,2026-05-25,平塚八幡郵便局,神奈川県平塚市東八幡1丁目2,4,1,amenity,post_office
TXN_89D7FD6C,2026-05-25,座間ひばりが丘郵便局,神奈川県座間市ひばりが丘2丁目33,2,2,amenity,post_office
TXN_AA0B7B14,2026-05-25,座間駅前郵便局,神奈川県座間市入谷東4丁目33,3,3,amenity,post_office
TXN_1FE771D6,2026-05-25,御所見郵便局,神奈川県藤沢市用田,3,3,amenity,post_office
TXN_5380B904,2026-05-25,北久里浜郵便局,神奈川県横須賀市根岸町五丁目18,4,3,amenity,post_office
TXN_311C6EB6,2026-05-25,新百合ヶ丘郵便局,神奈川県川崎市麻生区上麻生一丁目1,4,3,amenity,post_office
TXN_BF85BF0E,2026-05-25,杉久保郵便局,神奈川県海老名市杉久保南2丁目5,2,3,amenity,post_office
TXN_8C459CE2,2026-05-25,横浜万騎が原郵便局,神奈川県横浜市旭区二俣川24,1,2,amenity,post_office
TXN_C9277D9B,2026-05-25,横浜上星川郵便局,神奈川県横浜市保土ケ谷区上星川三丁目10,5,3,amenity,post_office
TXN_7118E364,2026-05-25,横浜中浜郵便局,神奈川県横浜市磯子区中浜町11,4,3,amenity,post_office
TXN_CB323E35,2026-05-25,横浜二俣川郵便局,神奈川県横浜市旭区二俣川二丁目14,2,3,amenity,post_office
TXN_A9F25336,2026-05-25,横浜富岡郵便局,神奈川県横浜市金沢区富岡西七丁目12,5,2,amenity,post_office
TXN_C04A96C4,2026-05-25,横浜帷子郵便局,神奈川県横浜市保土ケ谷区帷子町2,2,3,amenity,post_office
TXN_32FA2DE8,2026-05-25,横浜日之出町郵便局,神奈川県横浜市中区長者町九丁目,2,1,amenity,post_office
TXN_79A28903,2026-05-25,横浜本牧元町郵便局,神奈川県横浜市中区本牧元町3,5,1,amenity,post_office
TXN_A1384DDC,2026-05-25,横浜片倉郵便局,神奈川県横浜市神奈川区片倉三丁目13,5,1,amenity,post_office
TXN_7E8F8095,2026-05-25,横浜若葉台郵便局,神奈川県横浜市旭区若葉台3丁目,4,1,amenity,post_office
TXN_016B6287,2026-05-25,横浜長者町郵便局,神奈川県横浜市中区長者町四丁目1,1,2,amenity,post_office
TXN_F53D4330,2026-05-25,横須賀船越郵便局,神奈川県横須賀市船越町一丁目5,5,2,amenity,post_office
TXN_EADF5085,2026-05-25,江田駅北口郵便局,あざみ野南二丁目8,1,2,amenity,post_office
TXN_AAE65FC1,2026-05-25,沢井簡易郵便局,神奈川県相模原市緑区澤井1,5,3,amenity,post_office
TXN_C1581092,2026-05-25,海老名中新田郵便局,神奈川県海老名市中新田1丁目23,4,3,amenity,post_office
TXN_81392443,2026-05-25,海老名国分寺台郵便局,神奈川県海老名市国分寺台5丁目7,4,3,amenity,post_office
TXN_BE6033F7,2026-05-25,海老名大谷郵便局,神奈川県海老名市大谷北4丁目3,4,2,amenity,post_office
TXN_D701410D,2026-05-25,海老名郵便局,神奈川県海老名市中央2丁目5,3,3,amenity,post_office
TXN_464C04AF,2026-05-25,相模大塚駅前郵便局,神奈川県大和市桜森3丁目4,4,1,amenity,post_office
TXN_458F1F19,2026-05-25,真鶴港郵便局,神奈川県真鶴町真鶴,3,2,amenity,post_office
TXN_236C7B87,2026-05-25,神奈川菊名郵便局,横浜市港北区篠原北1-1-14,2,1,amenity,post_office
TXN_B4D7E28E,2026-05-25,秦野緑郵便局,神奈川県秦野市緑町3,2,1,amenity,post_office
TXN_8AE8905B,2026-05-25,綾瀬上土棚郵便局,神奈川県綾瀬市上土棚中1丁目39,4,2,amenity,post_office
TXN_6B8E869F,2026-05-25,綾瀬郵便局,神奈川県綾瀬市小園7,4,3,amenity,post_office
TXN_DB52CA58,2026-05-25,舞岡駅前郵便局,神奈川県横浜市戸塚区舞岡町,5,2,amenity,post_office
TXN_5A0CDD7C,2026-05-25,茅ヶ崎今宿郵便局,茅ヶ崎市萩園通り352-1,3,2,amenity,post_office
TXN_D5F25073,2026-05-25,茅ヶ崎浜見平郵便局,茅ヶ崎市浜見平11-1,4,3,amenity,post_office
TXN_CCC42903,2026-05-25,鎌倉雪ノ下郵便局,若宮大路鎌倉市雪ノ下１－１０－６,5,1,amenity,post_office
TXN_6F92F25E,2026-05-25,長後郵便局,神奈川県藤沢市長後2,4,1,amenity,post_office
TXN_ADDC3E13,2026-05-25,鵠沼海岸郵便局,神奈川県藤沢市鵠沼海岸三丁目15,4,3,amenity,post_office
TXN_EB67146A,2026-05-25,鶴巻郵便局,神奈川県秦野市鶴巻南1丁目3,2,3,amenity,post_office
TXN_64DE82E6,2026-05-25,ファミリーマート,神奈川県川崎市多摩区西生田一丁目5,5,3,shop,convenience
TXN_A48B3DBE,2026-05-25,ファミリーマート,神奈川県横浜市鶴見区下末吉四丁目14,4,1,shop,convenience
TXN_0CDF742B,2026-05-25,ファミリーマート,神奈川県川崎市多摩区,3,2,shop,convenience
TXN_53AC2AB9,2026-05-25,セイジョー,神奈川県川崎市麻生区上麻生,3,2,amenity,pharmacy
TXN_D4F8FD72,2026-05-25,ファミリーマート,神奈川県相模原市南区松が枝町16,4,2,shop,convenience
TXN_04F64D86,2026-05-25,ローソン・スリーエフ,神奈川県相模原市南区松が枝町9,5,1,shop,convenience
TXN_39669FA7,2026-05-25,ファミリーマート,神奈川県川崎市高津区梶ヶ谷二丁目1,1,3,shop,convenience
TXN_F319C125,2026-05-25,セブン-イレブン,神奈川県川崎市多摩区南生田59,2,1,shop,convenience
TXN_2702878B,2026-05-25,ファミリーマート,神奈川県相模原市南区相模大野三丁目1,2,1,shop,convenience
TXN_90604F62,2026-05-25,セブン-イレブン,神奈川県相模原市南区上鶴間本町一丁目30,2,2,shop,convenience
TXN_5E6FEA07,2026-05-25,ファミリーマート,神奈川県横浜市港北区大倉山一丁目3,2,3,shop,convenience
TXN_B7E6427C,2026-05-25,セイジョー,神奈川県大和市渋谷四丁目1,1,1,amenity,pharmacy
TXN_9424AED5,2026-05-25,セブン-イレブン,神奈川県大和市渋谷三丁目1,1,2,shop,convenience
TXN_F54AD0A2,2026-05-25,ローソンストア100,神奈川県横浜市翁町一丁目15,4,2,shop,convenience
TXN_13748146,2026-05-25,ローソン・スリーエフ,神奈川県大和市桜森二丁目15,5,3,shop,convenience
TXN_1A16342C,2026-05-25,セブン-イレブン,神奈川県横浜市神奈川区大口仲町2,3,3,shop,convenience
TXN_CBD58BF6,2026-05-25,ローソンストア100,神奈川県横浜市神奈川区大口通16,5,1,shop,convenience
TXN_A9597663,2026-05-25,ファミリーマート,神奈川県横浜市神奈川区大口通3,3,1,shop,convenience
TXN_033D2BCE,2026-05-25,ファミリーマート,神奈川県川崎市多摩区中野島六丁目40,4,2,shop,convenience
TXN_5CB85AED,2026-05-25,ファミリーマート,神奈川県川崎市多摩区,4,3,shop,convenience
TXN_BBDA0242,2026-05-25,ファミリーマート,神奈川県横浜市港北区箕輪町一丁目3,5,3,shop,convenience
TXN_EB6C1016,2026-05-25,セブン-イレブン,神奈川県横浜市港北区綱島西三丁目20,5,2,shop,convenience
TXN_BB2488A3,2026-05-25,ローソン,神奈川県横浜市港北区綱島西116,5,2,shop,convenience
TXN_D4AAC9A3,2026-05-25,セブン-イレブン,神奈川県横浜市緑区長津田四丁目16,1,2,shop,convenience
TXN_C01F36BF,2026-05-25,ファミリーマート,神奈川県横浜市緑区長津田町1,4,3,shop,convenience
TXN_561E16D1,2026-05-25,セブン-イレブン,神奈川県横浜市南区南太田一丁目13,1,2,shop,convenience
TXN_7CD0129D,2026-05-25,みずほ銀行・菊名出張所,横浜市港北区菊名４丁目２−８,2,2,amenity,bank
TXN_4797B2C9,2026-05-25,トモズ,神奈川県横浜市港北区大倉山三丁目1号,5,3,amenity,pharmacy
TXN_0299436A,2026-05-25,ファミリーマート,神奈川県川崎市麻生区片平二丁目10,5,1,shop,convenience
TXN_680BAC63,2026-05-25,ファミリーマート,神奈川県川崎市麻生区万福寺,4,3,shop,convenience
TXN_79E13CEA,2026-05-25,ダイコクドラッグ,神奈川県鎌倉市大船一丁目5,4,2,amenity,pharmacy
TXN_4B5305E5,2026-05-25,ファミリーマート,神奈川県鎌倉市大船一丁目5,2,2,shop,convenience
TXN_A9F948B2,2026-05-25,セブン-イレブン,神奈川県横浜市緑区長津田みなみ台五丁目1号,5,2,shop,convenience
TXN_58007C02,2026-05-25,ファミリーマート,神奈川県川崎市多摩区中野島三丁目10,4,3,shop,convenience
TXN_B3EE4D3B,2026-05-25,ファミリーマート,神奈川県川崎市川崎区,4,2,shop,convenience
TXN_1EE34DC4,2026-05-25,ファミリーマート,神奈川県川崎市幸区,2,2,shop,convenience
TXN_F36CB62B,2026-05-25,セブン-イレブン,神奈川県大和市下鶴間1,2,1,shop,convenience
TXN_46C8ADFE,2026-05-25,ファミリーマート,神奈川県横浜市瀬谷区五貫目町20,5,3,shop,convenience
TXN_19BC143E,2026-05-25,セブン-イレブン,神奈川県横浜市旭区川井宿町2,2,2,shop,convenience
TXN_4D6168BD,2026-05-25,ファミリーマート,神奈川県川崎市高津区諏訪一丁目3,1,3,shop,convenience
TXN_0BA6EAB9,2026-05-25,ファミリーマート,神奈川県川崎市高津区溝口一丁目22,1,3,shop,convenience
TXN_2053DA42,2026-05-25,ファミリーマート,神奈川県座間市座間一丁目3,4,1,shop,convenience
TXN_48CA7651,2026-05-25,ファミリーマート,神奈川県横浜市旭区今宿西町1,4,2,shop,convenience
TXN_F72ADA9B,2026-05-25,ローソン,神奈川県横浜市旭区川井本町3,1,2,shop,convenience
TXN_1D34D08E,2026-05-25,ローソン,神奈川県横浜市旭区下川井町1,1,2,shop,convenience
TXN_A1235A8C,2026-05-25,ローソン,神奈川県横浜市旭区川井本町6,1,1,shop,convenience
TXN_F2F9E5FA,2026-05-25,ローソン,神奈川県厚木市中町221,3,1,shop,convenience
TXN_8EDDDFCD,2026-05-25,ローソン,神奈川県相模原市中央区相模原二丁目12,4,3,shop,convenience
TXN_39C6A1CA,2026-05-25,みずほ銀行,神奈川県横浜市中区本町3丁目33,5,2,amenity,bank
TXN_4C1F55AB,2026-05-25,デイリーヤマザキ,Kanagawa-ken横浜市港北区日吉311,5,2,shop,convenience
TXN_0F6B40D0,2026-05-25,ファミリーマート,神奈川県横浜市泉区弥生台1,5,3,shop,convenience
TXN_3531968D,2026-05-25,JA横浜,神奈川県横浜市泉区和泉町8,2,2,amenity,bank
TXN_3D67CDE9,2026-05-25,ローソン,神奈川県横浜市泉区和泉町2,2,3,shop,convenience
TXN_68949B8D,2026-05-25,ローソン,神奈川県海老名市河原口1丁目7,4,3,shop,convenience
TXN_085B15FB,2026-05-25,三菱UFJ銀行,神奈川県海老名市めぐみ町2,2,2,amenity,bank
TXN_DC0F2FCF,2026-05-25,セブン-イレブン,神奈川県海老名市中央3丁目34,4,1,shop,convenience
TXN_43B9DA13,2026-05-25,ファミリーマート,神奈川県川崎市多摩区,5,3,shop,convenience
TXN_6CD5E859,2026-05-25,セブン-イレブン,神奈川県川崎市多摩区枡形六丁目7,1,3,shop,convenience
TXN_E88DA719,2026-05-25,セブン-イレブン,神奈川県大和市渋谷六丁目2,3,1,shop,convenience
TXN_CAE9B4A7,2026-05-25,ファミリーマート,神奈川県横浜市青葉区美しが丘五丁目55,3,3,shop,convenience
TXN_EBD34616,2026-05-25,りそな銀行,神奈川県横浜市瀬谷区三ツ境5,3,2,amenity,bank
TXN_4DD8EB85,2026-05-25,ローソン,神奈川県横浜市瀬谷区二ツ橋町5,4,2,shop,convenience
TXN_7010F719,2026-05-25,スルガ銀行,若宮大路鎌倉市小町１－３－２０,1,3,amenity,bank
TXN_BC0A6A5D,2026-05-25,セブン-イレブン,神奈川県相模原市南区上鶴間本町六丁目7,3,3,shop,convenience
TXN_3A9ACA5E,2026-05-25,セブン-イレブン,神奈川県大和市中央林間五丁目16,5,3,shop,convenience
TXN_C3C75611,2026-05-25,ファミリーマート,神奈川県相模原市南区相模大野五丁目26,3,3,shop,convenience
TXN_2CD94CBB,2026-05-25,ファミリーマート,神奈川県川崎市川崎区日進町15,4,3,shop,convenience
TXN_473544F9,2026-05-25,セブン-イレブン,神奈川県川崎市川崎区京町一丁目17,2,3,shop,convenience
TXN_7DE1BDFE,2026-05-25,セブン-イレブン,神奈川県横浜市鶴見区鶴見中央三丁目37,1,2,shop,convenience
TXN_5230DFBD,2026-05-25,ローソン 三ツ境駅前,瀬谷区三ツ境５‐１４,1,1,shop,convenience
TXN_7ED70ED7,2026-05-25,ローソン・スリーエフ,神奈川県横浜市瀬谷区三ツ境2,3,3,shop,convenience
TXN_C2B01CFD,2026-05-25,ローソン,神奈川県川崎市川崎区富士見一丁目10,5,1,shop,convenience
TXN_409D3602,2026-05-25,セブン-イレブン,神奈川県横浜市鶴見区大東町3,3,1,shop,convenience
TXN_DD6AC7B8,2026-05-25,セブン-イレブン,神奈川県横浜市鶴見区市場富士見町14,5,1,shop,convenience
TXN_764414FD,2026-05-25,ファミリーマート,神奈川県横浜市瀬谷区三ツ境4,4,1,shop,convenience
TXN_9F64EEED,2026-05-25,ローソン,神奈川県横浜市瀬谷区橋戸二丁目3,4,3,shop,convenience
TXN_341C6494,2026-05-25,ファミリーマート,神奈川県横浜市瀬谷区相沢二丁目1,3,3,shop,convenience
TXN_70286046,2026-05-25,ファミリーマート,神奈川県厚木市妻田北三丁目24,4,1,shop,convenience
TXN_9BDF0377,2026-05-25,マツモトキヨシ,神奈川県厚木市林1丁目12,2,3,amenity,pharmacy
TXN_03802B70,2026-05-25,ファミリーマート,神奈川県川崎市多摩区,5,2,shop,convenience
TXN_D7665CDA,2026-05-25,セブン-イレブン,神奈川県横浜市瀬谷区瀬谷5丁目,1,2,shop,convenience
TXN_D50755D9,2026-05-25,セブン-イレブン,神奈川県大和市上和田1,2,2,shop,convenience
TXN_82456FB4,2026-05-25,ドリームファーマシー,神奈川県大和市福田1,3,2,amenity,pharmacy
TXN_78E3654B,2026-05-25,ファミリーマート,神奈川県鎌倉市小町一丁目16,2,2,shop,convenience
TXN_30CBD755,2026-05-25,ローソン,神奈川県鎌倉市小町一丁目15,5,3,shop,convenience
TXN_DD30DE89,2026-05-25,ファミリーマート,神奈川県鎌倉市御成町5,1,2,shop,convenience
TXN_6A39AAA6,2026-05-25,みずほ銀行,神奈川県鎌倉市御成町35,3,3,amenity,bank
TXN_486822B9,2026-05-25,ファミリーマート,神奈川県鎌倉市御成町28,3,3,shop,convenience
TXN_7D5911C6,2026-05-25,ファミリーマート,神奈川県川崎市多摩区,2,2,shop,convenience
TXN_551AC8EA,2026-05-25,ファミリーマート,神奈川県横浜市緑区北八朔町,5,3,shop,convenience
TXN_5260001E,2026-05-25,ファミリーマート,神奈川県川崎市川崎区砂子二丁目15,2,3,shop,convenience
TXN_3BCABF85,2026-05-25,トモズ,神奈川県川崎市中原区新丸子町,4,1,amenity,pharmacy
TXN_B489D070,2026-05-25,セブン-イレブン,神奈川県川崎市川崎区四谷上町8,4,2,shop,convenience
TXN_D21C82F8,2026-05-25,セブン-イレブン,神奈川県川崎市川崎区出来野25,2,2,shop,convenience
TXN_80962718,2026-05-25,セブン-イレブン,神奈川県川崎市川崎区日ノ出二丁目1,5,2,shop,convenience
TXN_D85480F0,2026-05-25,セブン-イレブン,神奈川県川崎市川崎区田町二丁目5,4,1,shop,convenience
TXN_03EDD1F8,2026-05-25,セブン-イレブン,神奈川県川崎市川崎区東門前二丁目6,2,2,shop,convenience
TXN_2784378F,2026-05-25,セブン-イレブン,神奈川県川崎市川崎区藤崎一丁目9,1,2,shop,convenience
TXN_56ABF2F1,2026-05-25,セブン-イレブン,神奈川県川崎市川崎区中島二丁目10,5,3,shop,convenience
TXN_DA0D4A5F,2026-05-25,セブン-イレブン,神奈川県川崎市川崎区宮本町,3,3,shop,convenience
TXN_F4427E0B,2026-05-25,セブン-イレブン,神奈川県川崎市川崎区駅前本町17,3,3,shop,convenience
TXN_7CEA2045,2026-05-25,セブン-イレブン,神奈川県川崎市川崎区砂子二丁目17,5,1,shop,convenience
TXN_A193C4B2,2026-05-25,セブン-イレブン,神奈川県川崎市川崎区砂子一丁目1,3,1,shop,convenience
TXN_FA745761,2026-05-25,セブン-イレブン,神奈川県川崎市川崎区本町二丁目7,1,3,shop,convenience
TXN_7194EAE2,2026-05-25,ファミリーマート,神奈川県横浜市港北区新横浜二丁目1,2,3,shop,convenience
TXN_0BC61066,2026-05-25,セブン-イレブン,神奈川県川崎市川崎区砂子二丁目1,3,1,shop,convenience
TXN_6E417D47,2026-05-25,セブン-イレブン,神奈川県川崎市川崎区駅前本町3,2,1,shop,convenience
TXN_AE8A7813,2026-05-25,セブン-イレブン,神奈川県川崎市川崎区日進町2,2,1,shop,convenience
TXN_DEEF580F,2026-05-25,セブン-イレブン,神奈川県川崎市川崎区南町9,4,3,shop,convenience
TXN_E9AF299D,2026-05-25,セブン-イレブン,神奈川県川崎市川崎区渡田新町二丁目2,5,1,shop,convenience
TXN_4104A8B5,2026-05-25,セブン-イレブン,神奈川県川崎市川崎区渡田三丁目2,4,2,shop,convenience
TXN_CDFC6EE0,2026-05-25,セブン-イレブン,神奈川県川崎市川崎区境町24,4,2,shop,convenience
TXN_12E89D10,2026-05-25,セブン-イレブン,神奈川県川崎市川崎区渡田向町5,4,2,shop,convenience
TXN_A3917C99,2026-05-25,セブン-イレブン,神奈川県川崎市川崎区大島二丁目13,4,3,shop,convenience
TXN_4D57D880,2026-05-25,セブン-イレブン,神奈川県川崎市川崎区大島三丁目15,2,2,shop,convenience
TXN_3CB98350,2026-05-25,セブン-イレブン,神奈川県川崎市川崎区浜町三丁目27,4,3,shop,convenience
TXN_FE2110D0,2026-05-25,セブン-イレブン,神奈川県川崎市川崎区鋼管通一丁目8,3,1,shop,convenience
TXN_6553867D,2026-05-25,セブン-イレブン,神奈川県横浜市瀬谷区南台一丁目2,3,1,shop,convenience
TXN_C73F6E1B,2026-05-25,セブン-イレブン,神奈川県川崎市高津区溝口三丁目8号,1,3,shop,convenience
TXN_E776B886,2026-05-25,セブン-イレブン,神奈川県川崎市高津区溝口1丁目,3,1,shop,convenience
TXN_3810AE66,2026-05-25,ファミリーマート,神奈川県大和市中央林間三丁目8,2,3,shop,convenience
TXN_B88EC318,2026-05-25,ファミリーマート,神奈川県横浜市鶴見区豊岡町20,2,3,shop,convenience
TXN_A5769411,2026-05-25,ファミリーマート,神奈川県藤沢市片瀬海岸二丁目1,1,2,shop,convenience
TXN_945EF2E4,2026-05-25,ローソン・スリーエフ,神奈川県藤沢市下土棚1,3,3,shop,convenience
TXN_4B8C5BDC,2026-05-25,ファミリーマート,神奈川県横浜市都筑区茅ケ崎東四丁目22,3,3,shop,convenience
TXN_21D53971,2026-05-25,ファミリーマート,神奈川県川崎市幸区,5,2,shop,convenience
TXN_45C45A3E,2026-05-25,ファミリーマート,神奈川県横浜市中区常盤町一丁目,2,2,shop,convenience
TXN_7B5A611A,2026-05-25,ファミリーマート,神奈川県横浜市西区北幸二丁目6,3,3,shop,convenience
TXN_1D7BC313,2026-05-25,カワチ薬品,神奈川県川崎市麻生区はるひ野四丁目1,4,1,amenity,pharmacy
TXN_39C1E262,2026-05-25,ファミリーマート,神奈川県横浜市緑区白山二丁目16,4,3,shop,convenience
TXN_6502D6A2,2026-05-25,miniピアゴ,神奈川県横浜市港北区小机町１５００,1,2,shop,convenience
TXN_5E5BA13D,2026-05-25,セブン-イレブン,神奈川県横浜市港北区大豆戸町199イ,3,3,shop,convenience
TXN_F0B6F83F,2026-05-25,セブン-イレブン,神奈川県綾瀬市深谷1,3,1,shop,convenience
TXN_066803EE,2026-05-25,コジマ×ビックカメラ,神奈川県海老名市大谷北1丁目1,5,3,shop,electronics
TXN_38AB854C,2026-05-25,ファミリーマート,神奈川県海老名市社家五丁目16,1,3,shop,convenience
TXN_B379CB1E,2026-05-25,スルガ銀行,神奈川県横浜市旭区若葉台3丁目,3,3,amenity,bank
TXN_0B9BD934,2026-05-25,横浜銀行,神奈川県横浜市旭区若葉台3丁目,1,2,amenity,bank
TXN_18E19331,2026-05-25,スルガ銀行,神奈川県海老名市中央1丁目35,2,3,amenity,bank
TXN_5EFA9C5B,2026-05-25,りそな銀行,神奈川県海老名市中央1丁目22,5,2,amenity,bank
TXN_278ED00D,2026-05-25,セブン-イレブン,042-740-5330,4,3,shop,convenience
TXN_9D9B6231,2026-05-25,ファミリーマート,神奈川県藤沢市鵠沼海岸二丁目15,4,2,shop,convenience
TXN_379EFC6E,2026-05-25,クスリのカツマタ (Kusurino Katumata),神奈川県横浜市鶴見区矢向六丁目10,4,2,amenity,pharmacy
TXN_5CD8FE1A,2026-05-25,ファミリーマート,神奈川県横浜市鶴見区矢向五丁目30,1,3,shop,convenience
TXN_FA53E34D,2026-05-25,セブン-イレブン,神奈川県横浜市鶴見区矢向五丁目35,3,1,shop,convenience
TXN_F7DC67E0,2026-05-25,トモズ,神奈川県横浜市磯子区森一丁目1,1,2,amenity,pharmacy
TXN_A446BE72,2026-05-25,ローソン,神奈川県横浜市磯子区森一丁目,5,1,shop,convenience
TXN_3E5A87E3,2026-05-25,ローソン,神奈川県横浜市磯子区磯子三丁目10,2,3,shop,convenience
TXN_C3E15A85,2026-05-25,ローソン,神奈川県横浜市磯子区磯子二丁目12,5,1,shop,convenience
TXN_DEA45C19,2026-05-25,ローソンストア100,神奈川県横浜市磯子区森一丁目3,2,2,shop,convenience
TXN_E68933A9,2026-05-25,セブン-イレブン,横浜市青葉区荏田町,5,1,shop,convenience
TXN_250A4578,2026-05-25,ファミリーマート,神奈川県横浜市都筑区中川一丁目,2,3,shop,convenience
TXN_1C24220E,2026-05-25,トモズ,神奈川県横浜市神奈川区白楽,1,1,amenity,pharmacy
TXN_C9D6A63B,2026-05-25,ファミリーマート,神奈川県横浜市神奈川区白幡町1,2,3,shop,convenience
TXN_43EF2016,2026-05-25,セブン-イレブン,神奈川県横浜市神奈川区六角橋二丁目3,1,1,shop,convenience
TXN_1D181EE9,2026-05-25,ファミリーマート,神奈川県横浜市神奈川区白楽,1,2,shop,convenience
TXN_83639007,2026-05-25,ローソンストア100,神奈川県横浜市神奈川区斎藤分町11,5,1,shop,convenience
TXN_F206C269,2026-05-25,ローソンストア100,神奈川県横浜市神奈川区白幡上町1,5,1,shop,convenience
TXN_DDF275EB,2026-05-25,ミニストップ,神奈川県大和市柳橋二丁目5,5,2,shop,convenience
TXN_07F97D05,2026-05-25,ローソン,神奈川県鎌倉市大町三丁目14,1,2,shop,convenience
TXN_AFA415E5,2026-05-25,セブン-イレブン,横浜市青葉区荏田町1,1,2,shop,convenience
TXN_12D0498D,2026-05-25,セブン-イレブン,神奈川県大和市中央林間四丁目2,1,2,shop,convenience
TXN_204E178C,2026-05-25,ファミリーマート,神奈川県相模原市中央区緑が丘二丁目25,3,3,shop,convenience
TXN_B64FA54A,2026-05-25,ファミリーマート,神奈川県川崎市川崎区夜光一丁目7,3,2,shop,convenience
TXN_4B7E6B3C,2026-05-25,セブン-イレブン,神奈川県座間市ひばりが丘1丁目21,4,3,shop,convenience
TXN_CB08587D,2026-05-25,セブン-イレブン,神奈川県箱根町1,1,3,shop,convenience
TXN_8D244E3E,2026-05-25,ファミリーマート,神奈川県横浜市保土ケ谷区今井町,2,2,shop,convenience
TXN_69EFAFB1,2026-05-25,ローソン,神奈川県海老名市3,3,2,shop,convenience
TXN_18578BAF,2026-05-25,ファミリーマート,神奈川県川崎市多摩区宿河原二丁目25,3,2,shop,convenience
TXN_5FD23109,2026-05-25,セブン-イレブン,神奈川県川崎市川崎区砂子一丁目2,2,3,shop,convenience
TXN_175A81EC,2026-05-25,ファミリーマート,神奈川県大和市渋谷六丁目3,1,1,shop,convenience
TXN_BD21BC11,2026-05-25,三愛薬品,神奈川県海老名市国分寺台2丁目8,3,1,amenity,pharmacy
TXN_F4E559E5,2026-05-25,横浜銀行,神奈川県海老名市国分寺台2丁目26,5,3,amenity,bank
TXN_692AC139,2026-05-25,さくら薬局,神奈川県海老名市国分南3丁目11,3,3,amenity,pharmacy
TXN_DE3B496F,2026-05-25,ファミリーマート,神奈川県横浜市神奈川区子安通三丁目,1,2,shop,convenience
TXN_1A85910D,2026-05-25,ローソン,神奈川県愛川町角田1,5,3,shop,convenience
TXN_7B70C3B8,2026-05-25,ローソン,神奈川県大和市福田二丁目2,2,1,shop,convenience
TXN_5E187B24,2026-05-25,セブン-イレブン,神奈川県横浜市神奈川区鶴屋町2丁目2,1,2,shop,convenience
TXN_6DDA4F8D,2026-05-25,ファミリーマート,神奈川県横浜市西区北幸一丁目8,5,3,shop,convenience
TXN_8E867F3C,2026-05-25,ファミリーマート,神奈川県横浜市西区南幸一丁目1,1,3,shop,convenience
TXN_B18753E6,2026-05-25,セブン-イレブン,神奈川県大和市福田二丁目1,3,1,shop,convenience
TXN_C32D4526,2026-05-25,ファミリーマート,神奈川県相模原市中央区鹿沼台二丁目9,3,2,shop,convenience
TXN_DEAF528D,2026-05-25,ローソン,神奈川県相模原市中央区淵野辺三丁目10,2,3,shop,convenience
TXN_2451E5A4,2026-05-25,ファミリーマート,神奈川県横浜市緑区寺山町,1,1,shop,convenience
TXN_604E46CB,2026-05-25,ミニストップ,神奈川県大和市代官二丁目6,4,2,shop,convenience
TXN_4FC77768,2026-05-25,ファミリーマート,神奈川県横浜市泉区緑園四丁目2,3,3,shop,convenience
TXN_0D77C5A0,2026-05-25,JA横浜,神奈川県横浜市泉区緑園117,2,1,amenity,bank
TXN_AC8936BC,2026-05-25,ミネドラッグ,横浜市中区相生町53,1,2,amenity,pharmacy
TXN_7C54535F,2026-05-25,セブン-イレブン,神奈川県大和市柳橋一丁目1,5,2,shop,convenience
TXN_C143F426,2026-05-25,セブン-イレブン,神奈川県大和市中央六丁目1,5,1,shop,convenience
TXN_4882D73C,2026-05-25,セブン-イレブン,神奈川県藤沢市下土棚1,5,2,shop,convenience
TXN_0BA078E8,2026-05-25,高座渋谷薬局,神奈川県大和市渋谷五丁目,2,2,amenity,pharmacy
TXN_01F7C7EC,2026-05-25,三菱UFJ銀行,横浜市戸塚区戸塚町,2,2,amenity,bank
TXN_2321D1E1,2026-05-25,セブン-イレブン,横浜市戸塚区戸塚町,3,2,shop,convenience
TXN_7F54A511,2026-05-25,ファミリーマート,神奈川県横浜市戸塚区戸塚町1,4,1,shop,convenience
TXN_B423CCDE,2026-05-25,ローソン,横浜市戸塚区戸塚町12,2,3,shop,convenience
TXN_CE6322B6,2026-05-25,ハートフル薬局,横浜市戸塚区戸塚町,3,1,amenity,pharmacy
TXN_0AD45230,2026-05-25,ファミリーマート,神奈川県横浜市磯子区中原二丁目1,4,1,shop,convenience
TXN_DCB33DF3,2026-05-25,セブン-イレブン,神奈川県横浜市西区平沼一丁目19,3,3,shop,convenience
TXN_B5A1B949,2026-05-25,ローソン,神奈川県大和市大和東一丁目2,4,2,shop,convenience
TXN_F758DCE2,2026-05-25,三菱UFJ銀行,神奈川県横浜市中区本町3丁目1,3,1,amenity,bank
TXN_75C8E90D,2026-05-25,セブン-イレブン,神奈川県大和市鶴間一丁目3,3,1,shop,convenience
TXN_3E49FD09,2026-05-25,ミニストップ,神奈川県相模原市南区上鶴間本町2丁目18,4,3,shop,convenience
TXN_6550F74A,2026-05-25,ファミリーマート,神奈川県横浜市神奈川区東神奈川一丁目20,3,3,shop,convenience
TXN_C77444CB,2026-05-25,薬樹薬局,神奈川県大和市林間二丁目24,2,1,amenity,pharmacy
TXN_87D5B7BE,2026-05-25,セブン-イレブン,神奈川県大和市林間一丁目2,5,1,shop,convenience
TXN_59E1AC09,2026-05-25,ローソン,神奈川県横浜市戸塚区深谷町2,2,1,shop,convenience
TXN_328067A1,2026-05-25,セブン-イレブン,神奈川県愛川町中津1,2,3,shop,convenience
TXN_A7CF705C,2026-05-25,ファミリーマート,神奈川県愛川町中津1,1,1,shop,convenience
TXN_7E7E7419,2026-05-25,ファミリーマート,神奈川県横浜市戸塚区深谷町1,4,3,shop,convenience
TXN_AE5EC365,2026-05-25,ローソン・スリーエフ,神奈川県大和市中央四丁目24,5,3,shop,convenience
TXN_52BDC661,2026-05-25,ローソン・スリーエフ,神奈川県藤沢市宮原5,3,1,shop,convenience
TXN_71348C2A,2026-05-25,ローソン,神奈川県大和市中央林間四丁目3,3,2,shop,convenience
TXN_81E0D489,2026-05-25,ローソン・スリーエフ,神奈川県横浜市青葉区奈良町1,1,2,shop,convenience
TXN_0E9058B6,2026-05-25,セブン-イレブン,神奈川県相模原市緑区吉野,3,2,shop,convenience
TXN_FA34D2E8,2026-05-25,ローソン,神奈川県川崎市麻生区,1,3,shop,convenience
TXN_7674456F,2026-05-25,ファミリーマート,神奈川県相模原市中央区淵野辺三丁目18,5,3,shop,convenience
TXN_E5582E16,2026-05-25,セブン-イレブン,神奈川県大和市大和東一丁目12,1,2,shop,convenience
TXN_A6DED1D8,2026-05-25,ローソンストア100,神奈川県大和市深見台一丁目2,2,2,shop,convenience
TXN_269ED4C9,2026-05-25,ファミリーマート,神奈川県大和市南林間一丁目14,1,2,shop,convenience
TXN_D65E59DD,2026-05-25,セブン-イレブン,神奈川県大和市中央林間三丁目1,3,3,shop,convenience
TXN_2C2CD22B,2026-05-25,ファミリーマート,神奈川県横浜市都筑区中川中央一丁目1,1,1,shop,convenience
TXN_707DF251,2026-05-25,ローソン,神奈川県大和市渋谷七丁目16,5,3,shop,convenience
TXN_5F733A3E,2026-05-25,セブン-イレブン,神奈川県大和市桜森三丁目18,3,2,shop,convenience
TXN_ADCC3DAF,2026-05-25,ファミリーマート,神奈川県川崎市宮前区宮崎一丁目11,5,1,shop,convenience
TXN_55AB946D,2026-05-25,サンクス,神奈川県茅ヶ崎市高田四丁目10,1,2,shop,convenience
TXN_62F5DF2B,2026-05-25,ローソン,神奈川県川崎市多摩区登戸,3,2,shop,convenience
TXN_F6E39356,2026-05-25,ファミリーマート,神奈川県川崎市宮前区初山一丁目19,5,1,shop,convenience
TXN_A9E27BA9,2026-05-25,セブン-イレブン,藤沢市藤沢１０８,2,2,shop,convenience
TXN_B2CF952D,2026-05-25,ビックカメラ,神奈川県藤沢市藤沢,4,1,shop,electronics
TXN_15B02530,2026-05-25,セブン-イレブン,神奈川県大和市下鶴間二丁目12,3,3,shop,convenience
TXN_54170A17,2026-05-25,セブン-イレブン,神奈川県大和市西鶴間二丁目,2,3,shop,convenience
TXN_BD20563B,2026-05-25,セブン-イレブン,神奈川県大和市深見西六丁目4,5,1,shop,convenience
TXN_822C4D32,2026-05-25,セブン-イレブン,神奈川県大和市深見東二丁目9,3,1,shop,convenience
TXN_F37FD50D,2026-05-25,ハックドラッグ鎌倉店,鎌倉小町1-5-21鎌倉市小町１－５,2,2,amenity,pharmacy
TXN_31274148,2026-05-25,セブン-イレブン,神奈川県横浜市戸塚区汲沢一丁目46,2,1,shop,convenience
TXN_D82C7565,2026-05-25,ファミリーマート,神奈川県横浜市戸塚区汲沢八丁目1,1,3,shop,convenience
TXN_BD17C5E8,2026-05-25,かながわ信用金庫,神奈川県藤沢市長後,5,1,amenity,bank
TXN_C42CBC39,2026-05-25,ローソン・スリーエフ,神奈川県藤沢市高倉,5,1,shop,convenience
TXN_29890880,2026-05-25,ファミリーマート,神奈川県藤沢市下土棚,2,3,shop,convenience
TXN_E7147668,2026-05-25,セブン-イレブン,神奈川県大和市中央林間一丁目,2,3,shop,convenience
TXN_5D42B9E9,2026-05-25,ローソン,横浜市戸塚区吉田町1,2,2,shop,convenience
TXN_BFA016C2,2026-05-25,ファミリーマート,神奈川県横浜市戸塚区戸塚町,4,1,shop,convenience
TXN_F7315749,2026-05-25,ローソン,神奈川県横浜市戸塚区汲沢4-32-17,4,1,shop,convenience
TXN_92070158,2026-05-25,セブン-イレブン,神奈川県藤沢市長後,4,2,shop,convenience
TXN_61C2645A,2026-05-25,セブン-イレブン,横浜市戸塚区上倉田町1,5,3,shop,convenience
TXN_D11FC8C0,2026-05-25,くすりセイジョー,横浜市戸塚区上倉田町3,2,3,amenity,pharmacy
TXN_0D5BA7CD,2026-05-25,セイムス,神奈川県横浜市旭区二俣川2,4,2,amenity,pharmacy
TXN_B61E5FDB,2026-05-25,横浜銀行,横浜市戸塚区戸塚町1,5,1,amenity,bank
TXN_290A3ABB,2026-05-25,りそな銀行,横浜市戸塚区戸塚町1,3,2,amenity,bank
TXN_D4BF7A4B,2026-05-25,三井住友銀行,横浜市戸塚区戸塚町1,4,1,amenity,bank
TXN_D11376E0,2026-05-25,JAセレサ川崎,神奈川県川崎市中原区小杉町3丁目5,4,2,amenity,bank
TXN_0DA23E5C,2026-05-25,ハックドラッグ,横浜市戸塚区戸塚町1,4,3,amenity,pharmacy
TXN_FE9936A3,2026-05-25,マツモトキヨシ,神奈川県藤沢市長後,1,2,amenity,pharmacy
TXN_EE4A9B5D,2026-05-25,ファミリーマート,神奈川県横須賀市浦郷町四丁目11,1,3,shop,convenience
TXN_25637CC3,2026-05-25,セブン-イレブン,神奈川県川崎市川崎区日進町2,2,1,shop,convenience
TXN_78F2CE6B,2026-05-25,セブン-イレブン,神奈川県川崎市幸区南加瀬五丁目2,2,3,shop,convenience
TXN_01582463,2026-05-25,スルガ銀行,神奈川県横浜市泉区弥生台1,1,1,amenity,bank
TXN_2646EAF9,2026-05-25,タケシタ調剤薬局,神奈川県横浜市泉区西が岡11,5,3,amenity,pharmacy
TXN_1C76BDF6,2026-05-25,セブン-イレブン,神奈川県横浜市神奈川区東神奈川一丁目3,3,1,shop,convenience
TXN_3D0A5F0C,2026-05-25,横浜銀行 稲田堤支店,神奈川県川崎市多摩区菅稲田堤1-17-15,4,3,amenity,bank
TXN_10142131,2026-05-25,八千代銀行 稲田堤支店,神奈川県川崎市多摩区菅3-1-1,1,2,amenity,bank
TXN_A1C7CC8A,2026-05-25,ファミリーマート,神奈川県横浜市港北区新横浜三丁目11,5,3,shop,convenience
TXN_4A90CD0C,2026-05-25,ファミリーマート,神奈川県平塚市中原三丁目17,4,1,shop,convenience
TXN_92170475,2026-05-25,セブン-イレブン,神奈川県横浜市鶴見区市場東中町21,4,1,shop,convenience
TXN_8603156A,2026-05-25,ファミリーマート,神奈川県大和市大和東一丁目11,3,1,shop,convenience
TXN_81E03A5E,2026-05-25,ファミリーマート,神奈川県藤沢市藤沢1,5,3,shop,convenience
TXN_785AC5D0,2026-05-25,セブン-イレブン,神奈川県大和市林間二丁目1,1,3,shop,convenience
TXN_40EF3935,2026-05-25,セブン-イレブン,神奈川県大和市南林間七丁目1,1,2,shop,convenience
TXN_3DBA6DA8,2026-05-25,ファミリーマート,神奈川県横浜市南区宮元町三丁目2,1,3,shop,convenience
TXN_2227219F,2026-05-25,セブン-イレブン,神奈川県横浜市西区高島二丁目2,1,2,shop,convenience
TXN_A48E40F1,2026-05-25,共創未来 二俣川薬局,神奈川県横浜市旭区二俣川2,2,3,amenity,pharmacy
TXN_7A8104DE,2026-05-25,セブン-イレブン,神奈川県横浜市旭区二俣川115,2,1,shop,convenience
TXN_F1901B7E,2026-05-25,ファミリーマート,神奈川県横浜市旭区二俣川一丁目17,4,1,shop,convenience
TXN_CA862225,2026-05-25,横浜銀行,神奈川県横浜市旭区二俣川214,2,1,amenity,bank
TXN_83F02DC7,2026-05-25,セブン-イレブン,神奈川県横浜市旭区二俣川23,4,3,shop,convenience
TXN_C0D7AC73,2026-05-25,みずほ銀行,神奈川県横浜市旭区二俣川215,2,2,amenity,bank
TXN_0C3CE284,2026-05-25,ローソン,神奈川県横浜市瀬谷区二ツ橋町3,3,2,shop,convenience
TXN_6FDC0BAD,2026-05-25,ファミリーマート,神奈川県相模原市南区南台五丁目,4,3,shop,convenience
TXN_62FB26D7,2026-05-25,ファミリーマート,神奈川県横浜市泉区中田南三丁目13,3,1,shop,convenience
TXN_5E0A72AB,2026-05-25,ローソン,神奈川県横浜市緑区十日市場町3,5,2,shop,convenience
TXN_6CAC028C,2026-05-25,ローソン・スリーエフ,1,1,2,shop,convenience
TXN_2E326567,2026-05-25,ファミリーマート,神奈川県横浜市泉区中田西一丁目30,5,2,shop,convenience
TXN_53F28F11,2026-05-25,ケーズデンキ,神奈川県藤沢市葛原3,3,2,shop,electronics
TXN_6D15F16F,2026-05-25,ローソン,神奈川県大和市上草柳五丁目6,2,3,shop,convenience
TXN_0AD7C9A2,2026-05-25,ヤマザキショップ,神奈川県大和市下和田2,3,3,shop,convenience
TXN_A3B442BD,2026-05-25,ローソン,神奈川県大和市つきみ野三丁目3,1,1,shop,convenience
TXN_5D01F55F,2026-05-25,ファミリーマート,神奈川県川崎市宮前区宮前平三丁目23,5,3,shop,convenience
TXN_07F8D4F0,2026-05-25,ファミリーマート,神奈川県川崎市宮前区土橋三丁目1,2,3,shop,convenience
TXN_08E895D7,2026-05-25,コジマxビックカメラ,神奈川県川崎市高津区梶ケ谷2丁目神奈川県川崎市高津区梶ケ谷２丁目3,2,1,shop,electronics
TXN_5DC7B3E6,2026-05-25,サンドラッグ,神奈川県川崎市宮前区平1-2-11,3,2,amenity,pharmacy
TXN_9AE77EAB,2026-05-25,ファミリーマート,神奈川県厚木市金田1,2,3,shop,convenience
TXN_5F3C44DC,2026-05-25,ローソン,神奈川県大和市中央林間西二丁目22,4,1,shop,convenience
TXN_5DF06E8C,2026-05-25,ファミリーマート,神奈川県大和市西鶴間八丁目5,4,2,shop,convenience
TXN_F5E4A471,2026-05-25,りそな銀行,神奈川県藤沢市下土棚13,1,1,amenity,bank
TXN_848AF440,2026-05-25,ヤマザキショップ,神奈川県大和市代官218,4,3,shop,convenience
TXN_42A259A6,2026-05-25,セブン-イレブン,神奈川県藤沢市朝日町7,4,1,shop,convenience
TXN_B1A8B71F,2026-05-25,ファミリーマート,神奈川県横浜市南区白金町一丁目,4,1,shop,convenience
TXN_12F5131A,2026-05-25,ローソン・スリーエフ,神奈川県横浜市保土ケ谷区岩井町1,4,1,shop,convenience
TXN_FF4C96D6,2026-05-25,ファミリーマート,神奈川県横浜市西区岡野一丁目1,1,3,shop,convenience
TXN_51D08109,2026-05-25,セブン-イレブン,神奈川県綾瀬市吉岡東4丁目60,3,3,shop,convenience
TXN_4A552EA0,2026-05-25,ローソン,神奈川県横浜市保土ケ谷区帷子町2,3,1,shop,convenience
TXN_B34191B8,2026-05-25,ファミリーマート,神奈川県横浜市保土ケ谷区明神台8,2,2,shop,convenience
TXN_FC31A597,2026-05-25,ファミリーマート,神奈川県横浜市保土ケ谷区星川二丁目1,2,1,shop,convenience
TXN_06BA8CD3,2026-05-25,セブン-イレブン,神奈川県藤沢市柄沢１７８－１,3,3,shop,convenience
TXN_CDBCC653,2026-05-25,ファミリーマート,神奈川県大和市南林間一丁目14,5,1,shop,convenience
TXN_10D4DE39,2026-05-25,セブン-イレブン,神奈川県大和市西鶴間一丁目1,3,2,shop,convenience
TXN_7A89CBEB,2026-05-25,ローソン,神奈川県大和市南林間四丁目1,5,2,shop,convenience
TXN_932CAE01,2026-05-25,ローソン・スリーエフ,神奈川県相模原市南区相模大野六丁目4,1,1,shop,convenience
TXN_12FC7A87,2026-05-25,セブン-イレブン,神奈川県藤沢市長後1,4,2,shop,convenience
TXN_20DA8972,2026-05-25,ファミリーマート,神奈川県横浜市西区南幸二丁目17,5,3,shop,convenience
TXN_F75D1E3C,2026-05-25,ソフマップ,神奈川県横浜市西区南幸213,2,2,shop,electronics
TXN_0E2F8958,2026-05-25,ビックカメラ,神奈川県横浜市西区南幸213,1,3,shop,electronics
TXN_2976AAB2,2026-05-25,ポートサイド薬局,神奈川県横浜市神奈川区栄町6,3,3,amenity,pharmacy
TXN_F0DF1684,2026-05-25,セブン-イレブン,神奈川県横浜市神奈川区大野町25,5,2,shop,convenience
TXN_3240D7A1,2026-05-25,セブン-イレブン,横浜市青葉区市ケ尾町,5,2,shop,convenience
TXN_9D4B2BF9,2026-05-25,セブン-イレブン,神奈川県横浜市西区高島二丁目1,5,1,shop,convenience
TXN_9780C215,2026-05-25,ファミリーマート,神奈川県横浜市中区新山下一丁目6,5,1,shop,convenience
TXN_B87B6384,2026-05-25,ファミリーマート,神奈川県横浜市中区本牧大里町29,5,2,shop,convenience
TXN_0A8BB5B4,2026-05-25,ファミリーマート,神奈川県横浜市旭区二俣川二丁目,1,1,shop,convenience
TXN_C561B8DC,2026-05-25,ヤマダデンキ,神奈川県横浜市旭区二俣川128,5,2,shop,electronics
TXN_92779574,2026-05-25,ミニストップ,神奈川県横浜市旭区二俣川181,4,3,shop,convenience
TXN_E3954CB1,2026-05-25,桜ヶ丘東口駅前薬局,神奈川県大和市福田7,5,2,amenity,pharmacy
TXN_7BA24588,2026-05-25,日本調剤　二俣川薬局,神奈川県横浜市旭区二俣川143,2,3,amenity,pharmacy
TXN_12AE5C22,2026-05-25,ファミリーマート,神奈川県横浜市戸塚区品濃町8,1,1,shop,convenience
TXN_76E5AE78,2026-05-25,薬樹薬局,神奈川県大和市大和南28,2,2,amenity,pharmacy
TXN_DC8A4922,2026-05-25,ローソン,神奈川県大和市柳橋一丁目1,3,3,shop,convenience
TXN_F9B21E6E,2026-05-25,ファミリーマート,神奈川県横浜市鶴見区東寺尾一丁目11,4,1,shop,convenience
TXN_8FC85FC0,2026-05-25,セブン-イレブン,神奈川県横浜市旭区南本宿町1,1,2,shop,convenience
TXN_44790612,2026-05-25,アクティスファーマシー,神奈川県横浜市旭区二俣川25,4,1,amenity,pharmacy
TXN_4A4B5563,2026-05-25,明日花薬局,神奈川県横浜市旭区二俣川2,4,3,amenity,pharmacy
TXN_DD84CACC,2026-05-25,スマイル薬局,神奈川県横浜市旭区二俣川21,2,2,amenity,pharmacy
TXN_500E15C0,2026-05-25,ファミリーマート,神奈川県川崎市高津区下作延三丁目33,2,1,shop,convenience
TXN_7781321E,2026-05-25,ファミリーマート,神奈川県横浜市戸塚区品濃町3,4,2,shop,convenience
TXN_F1FAC6E7,2026-05-25,ローソン,神奈川県横浜市港北区篠原東一丁目26,4,3,shop,convenience
TXN_3713B466,2026-05-25,ファミリーマート,神奈川県横浜市磯子区杉田四丁目1,5,2,shop,convenience
TXN_7EB162F1,2026-05-25,セブン-イレブン,高津区千年新町2,5,3,shop,convenience
TXN_896490AB,2026-05-25,セブン-イレブン,神奈川県横浜市磯子区丸山二丁目13,1,1,shop,convenience
TXN_43B47EE5,2026-05-25,ローソンストア100,神奈川県大和市中央六丁目2,3,2,shop,convenience
TXN_0D18AB95,2026-05-25,ローソンストア100,神奈川県大和市南林間二丁目3,5,3,shop,convenience
TXN_49E1CD13,2026-05-25,ファミリーマート,神奈川県横浜市旭区鶴ヶ峰一丁目1,1,2,shop,convenience
TXN_8CC36F3B,2026-05-25,ファミリーマート,神奈川県横浜市南区大岡二丁目2,3,3,shop,convenience
TXN_20F0156A,2026-05-25,セブン-イレブン,神奈川県大和市下鶴間1,1,2,shop,convenience
TXN_56CE4B42,2026-05-25,ファミリーマート,神奈川県川崎市宮前区宮前平二丁目3,5,2,shop,convenience
TXN_9A3B0319,2026-05-25,セブン-イレブン,神奈川県南足柄市竹松,5,2,shop,convenience
TXN_09F64405,2026-05-25,ミニストップ,神奈川県小田原市飯泉８５７－１,2,3,shop,convenience
TXN_84F2FD0F,2026-05-25,セブン-イレブン,神奈川県海老名市国分南4丁目3,4,1,shop,convenience
TXN_23C8AFDB,2026-05-25,セブン-イレブン,神奈川県大和市福田一丁目1,3,3,shop,convenience
TXN_FD98FE33,2026-05-25,えびな蔵市,神奈川県海老名市大谷南五丁目1,5,3,shop,convenience
TXN_561C9210,2026-05-25,ファミリーマート,神奈川県川崎市多摩区登戸2,5,3,shop,convenience
TXN_901BCDEF,2026-05-25,フィットケアデポ登戸店,神奈川県川崎市多摩区,3,2,amenity,pharmacy
TXN_54CC1E2A,2026-05-25,ファミリーマート,神奈川県横浜市戸塚区川上町1,1,2,shop,convenience
TXN_E61599C8,2026-05-25,ローソン,神奈川県大和市下和田1,1,3,shop,convenience
TXN_A7D4CF50,2026-05-25,ファミリーマート,神奈川県大和市大和東三丁目17,5,3,shop,convenience
TXN_9561C813,2026-05-25,ファミリーマート,神奈川県鎌倉市大船一丁目2,4,1,shop,convenience
TXN_9EA7017C,2026-05-25,ファミリーマート,神奈川県横浜市南区新川町二丁目3,4,1,shop,convenience
TXN_08150147,2026-05-25,ローソン,神奈川県大和市深見東三丁目6,5,3,shop,convenience
TXN_70E7E756,2026-05-25,ローソン,神奈川県大和市上草柳八丁目18,3,2,shop,convenience
TXN_34323EC6,2026-05-25,セブン-イレブン,神奈川県横浜市青葉区榎が丘２７番,4,3,shop,convenience
TXN_78BB22A5,2026-05-25,ファミリーマート,神奈川県横浜市中区長者町七丁目,1,3,shop,convenience
TXN_8F964685,2026-05-25,ファミリーマート,神奈川県横浜市神奈川区鶴屋町二丁目6,3,3,shop,convenience
TXN_50521700,2026-05-25,ファミリーマート,神奈川県藤沢市辻堂神台二丁目16,2,2,shop,convenience
TXN_8BD88FCD,2026-05-25,ファミリーマート,神奈川県川崎市高津区下作延六丁目1,3,3,shop,convenience
TXN_AE455CC6,2026-05-25,セブン-イレブン,神奈川県横浜市瀬谷区本郷四丁目1,3,3,shop,convenience
TXN_3F1BE0D0,2026-05-25,セブン-イレブン,神奈川県綾瀬市上土棚中一丁目7,3,3,shop,convenience
TXN_F910ABB3,2026-05-25,ローソン,神奈川県横浜市西区みなとみらい三丁目,3,2,shop,convenience
TXN_B47A1C5B,2026-05-25,ココカラファイン,神奈川県相模原市南区上鶴間本町2丁目18,4,2,amenity,pharmacy
TXN_EF06FCCB,2026-05-25,セブン-イレブン,神奈川県大和市福田12,3,2,shop,convenience
TXN_8B0E8EB1,2026-05-25,ファミリーマート,神奈川県小田原市栄町一丁目1,4,2,shop,convenience
TXN_C5E78B23,2026-05-25,ローソン,神奈川県藤沢市片瀬海岸一丁目18,2,2,shop,convenience
TXN_B6D1F6BB,2026-05-25,ハックドラッグ 横浜磯子店,横浜市磯子区磯子3丁目13番 ブリリアシティ横浜磯子 Ｋ棟１Ｆ,1,2,amenity,pharmacy
TXN_41A64FED,2026-05-25,セブン-イレブン,神奈川県横浜市磯子区森21,4,1,shop,convenience
TXN_4568F426,2026-05-25,ミニストップ,神奈川県横浜市保土ヶ谷区上星川13,5,3,shop,convenience
TXN_9D9D028E,2026-05-25,ローソン,神奈川県横浜市南区南太田一丁目19,5,1,shop,convenience
TXN_E7BA26AC,2026-05-25,ローソン,神奈川県厚木市下荻野字子合頭1,5,1,shop,convenience
TXN_19A692C9,2026-05-25,CREATE,藤沢市藤沢４６０－１,4,2,amenity,pharmacy
TXN_AE62990C,2026-05-25,ファミリーマート,神奈川県横須賀市久里浜一丁目8,2,1,shop,convenience
TXN_EDD97A1A,2026-05-25,セブン-イレブン,神奈川県相模原市南区東林間317,2,2,shop,convenience
TXN_E0DECC3D,2026-05-25,セブン-イレブン,神奈川県横浜市青葉区奈良町71,4,2,shop,convenience
TXN_F6C31218,2026-05-25,セブン-イレブン,神奈川県横浜市青葉区奈良三丁目6,3,2,shop,convenience
TXN_E86E8E63,2026-05-25,,神奈川県横浜市港北区新吉田町1,1,3,shop,convenience
TXN_BD1A8F4B,2026-05-25,ローソン,神奈川県横浜市緑区上山一丁目,1,1,shop,convenience
TXN_2D007D05,2026-05-25,セブン-イレブン,神奈川県川崎市川崎区塩浜二丁目5,1,2,shop,convenience
TXN_EFC59738,2026-05-25,セブン-イレブン,神奈川県川崎市川崎区中瀬二丁目,3,1,shop,convenience
TXN_9A4FFC0C,2026-05-25,セブン-イレブン,神奈川県川崎市川崎区大師駅前二丁目6,1,2,shop,convenience
TXN_A42D0CD7,2026-05-25,セブン-イレブン,神奈川県川崎市川崎区砂子一丁目1,5,3,shop,convenience
TXN_225AED6C,2026-05-25,セブン-イレブン,神奈川県川崎市川崎区砂子一丁目1,5,2,shop,convenience
TXN_1CD66B09,2026-05-25,セブン-イレブン,神奈川県川崎市川崎区大島五丁目15,3,1,shop,convenience
TXN_41DC1C60,2026-05-25,セブン-イレブン,神奈川県川崎市川崎区藤崎四丁目6,2,1,shop,convenience
TXN_4B86B5A1,2026-05-25,セブン-イレブン,神奈川県川崎市川崎区下並木1,5,3,shop,convenience
TXN_9C678393,2026-05-25,セブン-イレブン,神奈川県横浜市鶴見区平安町一丁目6,4,2,shop,convenience
TXN_669D01FF,2026-05-25,セブン-イレブン,神奈川県川崎市川崎区小田五丁目12,1,1,shop,convenience
TXN_52D78F10,2026-05-25,セブン-イレブン,神奈川県川崎市川崎区浅田四丁目13,2,1,shop,convenience
TXN_725D4259,2026-05-25,セブン-イレブン,神奈川県横浜市鶴見区平安町二丁目1,3,2,shop,convenience
TXN_92A81713,2026-05-25,セブン-イレブン,神奈川県横浜市鶴見区向井町三丁目6,1,2,shop,convenience
TXN_3C7E5368,2026-05-25,セブン-イレブン,神奈川県横浜市鶴見区仲通二丁目4,1,3,shop,convenience
TXN_28E333B6,2026-05-25,セブン-イレブン,神奈川県横浜市鶴見区鶴見中央二丁目1,4,3,shop,convenience
TXN_E346F415,2026-05-25,セブン-イレブン,神奈川県横浜市神奈川区子安通二丁目1,3,3,shop,convenience
TXN_F0CD7F05,2026-05-25,セブン-イレブン,神奈川県横浜市神奈川区金港町1,3,2,shop,convenience
TXN_F5159494,2026-05-25,セブン-イレブン,神奈川県横浜市西区高島二丁目1,2,2,shop,convenience
TXN_FD247C11,2026-05-25,セブン-イレブン,神奈川県横浜市西区高島二丁目1,5,2,shop,convenience
TXN_E9AD0E9B,2026-05-25,セブン-イレブン,神奈川県横浜市西区高島二丁目1,4,3,shop,convenience
TXN_37E9D2E2,2026-05-25,セブン-イレブン,神奈川県横浜市西区南幸一丁目1,2,3,shop,convenience
TXN_C9912032,2026-05-25,セブン-イレブン,神奈川県横浜市西区南幸一丁目1,1,3,shop,convenience
TXN_5C9DEEE0,2026-05-25,ローソン,神奈川県横浜市泉区新橋町猪ノ鼻1,1,3,shop,convenience
TXN_8C32BDB2,2026-05-25,セブン-イレブン,神奈川県横浜市瀬谷区竹村町一丁目8,5,1,shop,convenience
TXN_2A1F1B61,2026-05-25,ファミリーマート,神奈川県大和市深見西六丁目2,3,3,shop,convenience
TXN_3495311E,2026-05-25,ファミリーマート,神奈川県横浜市戸塚区上矢部町,5,2,shop,convenience
TXN_720B274B,2026-05-25,セブン-イレブン,神奈川県横浜市西区平沼一丁目3,1,2,shop,convenience
TXN_74F0BEAE,2026-05-25,ローソン・スリーエフ,神奈川県海老名市本郷1,5,1,shop,convenience
TXN_CE920136,2026-05-25,横浜銀行,神奈川県藤沢市下土棚,3,3,amenity,bank
TXN_D1031424,2026-05-25,デイリーヤマザキ,神奈川県横浜市中区元町一丁目,1,3,shop,convenience
TXN_0B981CCD,2026-05-25,ローソン,神奈川県横浜市西区北幸二丁目26,4,2,shop,convenience
TXN_FE7EE362,2026-05-25,セブン-イレブン,神奈川県横浜市西区北幸二丁目4,1,1,shop,convenience
TXN_081FC6DC,2026-05-25,ローソン,神奈川県大和市深見1,3,2,shop,convenience
TXN_C40D4874,2026-05-25,海老名駅西口郵便局,神奈川県海老名市3,4,2,amenity,post_office
TXN_72D35458,2026-05-25,ローソン,神奈川県海老名市3,4,2,shop,convenience
TXN_A96B3C42,2026-05-25,横浜銀行,神奈川県海老名市10,5,1,amenity,bank
TXN_1E5EBE54,2026-05-25,ローソン,中区不老町１丁目1-5,2,3,shop,convenience
TXN_BA54E920,2026-05-25,ファミリーマート,神奈川県横浜市中区不老町一丁目6,2,1,shop,convenience
TXN_4C61845E,2026-05-25,ハックドラッグ,神奈川県横浜市中区曙町31,4,3,amenity,pharmacy
TXN_882CCD1E,2026-05-25,ファミリーマート,神奈川県川崎市高津区末長一丁目1,4,1,shop,convenience
TXN_27B608DC,2026-05-25,セブン-イレブン,神奈川県横須賀市佐原三丁目3,3,1,shop,convenience
TXN_C3F725FE,2026-05-25,ファミリーマート,神奈川県横須賀市湘南国際村一丁目1,1,1,shop,convenience
TXN_9D6B9B62,2026-05-25,セブン-イレブン,神奈川県大和市林間一丁目18,1,1,shop,convenience
TXN_980CB95C,2026-05-25,ファミリーマート,神奈川県大磯町虫窪1,1,2,shop,convenience
TXN_DF495037,2026-05-25,ローソン,神奈川県横浜市鶴見区大黒ふ頭15,1,1,shop,convenience
TXN_705FDDF5,2026-05-25,ファミリーマート,神奈川県川崎市宮前区宮崎二丁目11,2,3,shop,convenience
TXN_C6AC1B04,2026-05-25,ファミリーマート,神奈川県横浜市旭区白根四丁目10,1,1,shop,convenience
TXN_3BF2025F,2026-05-25,セブン-イレブン,環状2号,5,2,shop,convenience
TXN_AC2B0CFC,2026-05-25,ローソン,瀬谷区三ツ境112-1,3,1,shop,convenience
TXN_FC568B53,2026-05-25,ノジマ,神奈川県大和市深見台118,5,1,shop,electronics
TXN_0F9AEB70,2026-05-25,セブン-イレブン,神奈川県横浜市瀬谷区二ツ橋町3,5,3,shop,convenience
TXN_2CD58759,2026-05-25,ローソン,神奈川県横浜市瀬谷区二ツ橋町1,4,3,shop,convenience
TXN_582B91EE,2026-05-25,セブン-イレブン,神奈川県横浜市瀬谷区北新9,4,3,shop,convenience
TXN_6883AC6E,2026-05-25,ファミリーマート,神奈川県横浜市栄区公田町5,2,2,shop,convenience
TXN_89B5AAB0,2026-05-25,灰吹屋薬局,川崎市,4,1,amenity,pharmacy
TXN_DB87D29C,2026-05-25,ファミリーマート,神奈川県横浜市金沢区瀬戸12,2,2,shop,convenience
TXN_69A53B4F,2026-05-25,ローソン,神奈川県横浜市神奈川区鶴屋町2丁目1,4,3,shop,convenience
TXN_3E2BF9C9,2026-05-25,ファミリーマート,神奈川県横浜市南区大岡三丁目25,3,1,shop,convenience
TXN_EC170298,2026-05-25,ローソン・スリーエフ,2054-2,4,2,shop,convenience
TXN_D453F867,2026-05-25,クリエイトSD,神奈川県海老名市国分北2丁目12,2,1,amenity,pharmacy
TXN_9ADF4709,2026-05-25,ハックドラッグ,神奈川県海老名市上今泉3丁目1,5,1,amenity,pharmacy
TXN_CDFD9531,2026-05-25,ローソン,神奈川県横浜市中区住吉町二丁目,5,3,shop,convenience
TXN_7AB99428,2026-05-25,ファミリーマート,神奈川県横須賀市久里浜八丁目4,2,2,shop,convenience
TXN_03ECE8FF,2026-05-25,ローソン,神奈川県大和市西鶴間二丁目1,2,1,shop,convenience
TXN_BF337A15,2026-05-25,三井住友銀行,神奈川県横浜市泉区和泉町1,4,1,amenity,bank
TXN_345AF934,2026-05-25,太寿堂薬局,神奈川県川崎市麻生区上麻生5丁目18号,4,1,amenity,pharmacy
TXN_48769153,2026-05-25,NEX Mini Mart,1302,4,2,shop,convenience
TXN_4EF4C34D,2026-05-25,セブン-イレブン,Bldg. J-60,3,2,shop,convenience
TXN_774C0AFA,2026-05-25,ファミリーマート,神奈川県川崎市中原区新城一丁目7,1,3,shop,convenience
TXN_51FACEFA,2026-05-25,ファミリーマート,神奈川県中井町,2,2,shop,convenience
TXN_90019ED4,2026-05-25,横浜銀行,神奈川県横浜市泉区和泉町1,2,3,amenity,bank
TXN_8DA5D39B,2026-05-25,横浜銀行,横須賀市若松町２－４,5,3,amenity,bank
TXN_27046F25,2026-05-25,ローソン,神奈川県海老名市中新田1丁目51,2,2,shop,convenience
TXN_D5574241,2026-05-25,セブン-イレブン,新横浜中央通り10-23,2,2,shop,convenience
TXN_AF521B94,2026-05-25,セブン-イレブン,神奈川県厚木市戸田,3,2,shop,convenience
TXN_F76D15FD,2026-05-25,JAセレサ川崎本店,川崎市宮前区宮崎2-13-38,4,2,amenity,bank
TXN_5A2837B2,2026-05-25,ローソン,神奈川県大和市下鶴間13,2,1,shop,convenience
TXN_2F1DC121,2026-05-25,ローソン,神奈川県大和市大和南一丁目1,5,3,shop,convenience
TXN_08A8AC7F,2026-05-25,ファミリーマート,神奈川県厚木市泉町14,1,3,shop,convenience
TXN_6992896E,2026-05-25,りそな銀行,14-16,2,3,amenity,bank
TXN_26A9E100,2026-05-25,ファミリーマート,神奈川県大和市中央二丁目1,1,1,shop,convenience
TXN_0F79A8A7,2026-05-25,ファミリーマート,神奈川県中井町,5,3,shop,convenience
TXN_E9AA144B,2026-05-25,ファミリーマート,神奈川県茅ヶ崎市小和田三丁目2,4,3,shop,convenience
TXN_883F13C6,2026-05-25,ファミリーマート,神奈川県横浜市保土ヶ谷区常盤台24,5,2,shop,convenience
TXN_B8E19F56,2026-05-25,セブン-イレブン,神奈川県大和市大和東17,3,3,shop,convenience
TXN_80913AC1,2026-05-25,ファミリーマート,神奈川県大和市大和南一丁目3,4,1,shop,convenience
TXN_863E1F2A,2026-05-25,さがみ農協つるみね支店,茅ヶ崎市810-2,2,1,amenity,bank
TXN_409E7A80,2026-05-25,セブン-イレブン,神奈川県大和市上草柳七丁目,3,2,shop,convenience
TXN_5F804EEB,2026-05-25,ソニーショップ セレック,神奈川県横浜市青葉区市ケ尾町1,4,2,shop,electronics
TXN_B27E1442,2026-05-25,ファミリーマート,神奈川県横浜市緑区西八朔町1,2,2,shop,convenience
TXN_14A34F7F,2026-05-25,ローソン,鎌倉市,1,1,shop,convenience
TXN_8D7DD772,2026-05-25,セブン-イレブン,神奈川県横浜市旭区東希望ヶ丘3,4,1,shop,convenience
TXN_2BDFCB41,2026-05-25,ファミリーマート,神奈川県横浜市旭区さちが丘8,1,2,shop,convenience
TXN_C8CCE2C2,2026-05-25,サンドラッグ,神奈川県鎌倉市大船一丁目1,3,3,amenity,pharmacy
TXN_1869A217,2026-05-25,ファミリーマート,神奈川県鎌倉市大船一丁目18,5,1,shop,convenience
TXN_DE3CE88B,2026-05-25,横浜銀行,神奈川県鎌倉市大船一丁目5,5,2,amenity,bank
TXN_13087974,2026-05-25,サンドラッグ,神奈川県鎌倉市大船一丁目10,3,3,amenity,pharmacy
TXN_2DEA2D2D,2026-05-25,NewDays,鴨居一丁目14,3,1,shop,convenience
TXN_24E9BCFD,2026-05-25,セブン-イレブン,神奈川県大和市中央林間三丁目11,4,1,shop,convenience
TXN_3D8F95F4,2026-05-25,ファミリーマート,神奈川県横浜市鶴見区栄町通四丁目2,5,2,shop,convenience
TXN_54EC3F33,2026-05-25,ファミリーマート,神奈川県横浜市栄区笠間一丁目1,4,3,shop,convenience
TXN_B076A7DC,2026-05-25,HAC若葉台薬局,神奈川県横浜市旭区若葉台3丁目,1,3,amenity,pharmacy
TXN_0DBF0CAF,2026-05-25,セブン-イレブン,神奈川県横浜市旭区若葉台3丁目,1,2,shop,convenience
TXN_57311609,2026-05-25,横浜調剤薬局,神奈川県横浜市旭区若葉台3丁目,5,3,amenity,pharmacy
TXN_F80B2CEA,2026-05-25,ビックカメラ,神奈川県横浜市港北区新横浜245,3,1,shop,electronics
TXN_FE1A1BA9,2026-05-25,ファミリーマート,神奈川県横浜市中区伊勢佐木町五丁目,4,2,shop,convenience
TXN_F0EEBCCE,2026-05-25,セブン-イレブン,神奈川県相模原市中央区淵野辺5丁目1,4,2,shop,convenience
TXN_A921CB4C,2026-05-25,ツルハドラッグ,神奈川県相模原市中央区鹿沼台2丁目1,4,1,amenity,pharmacy
TXN_CC4D5819,2026-05-25,ファミリーマート,神奈川県川崎市川崎区小川町7,2,3,shop,convenience
TXN_277B0667,2026-05-25,ファミリーマート,横浜市青葉区荏田町5,4,3,shop,convenience
TXN_BD5A0C9E,2026-05-25,飯田薬局,神奈川県横浜市青葉区荏田北一丁目1,4,2,amenity,pharmacy
TXN_01547950,2026-05-25,マツモトキヨシ,神奈川県横浜市青葉区荏田北三丁目1,3,2,amenity,pharmacy
TXN_1A2BD69C,2026-05-25,森久保薬品,神奈川県厚木市中町2丁目6,2,1,amenity,pharmacy
TXN_8E969227,2026-05-25,ローソン,神奈川県川崎市川崎区小田５丁目１−１１,5,3,shop,convenience
TXN_16F142A2,2026-05-25,ファミリーマート,神奈川県川崎市川崎区浅田二丁目7,3,3,shop,convenience
TXN_C8D0F9E5,2026-05-25,ローソン,神奈川県綾瀬市深谷中六丁目40,3,2,shop,convenience
TXN_6346D4EF,2026-05-25,ローソン,神奈川県綾瀬市深谷1,1,3,shop,convenience
TXN_FE2390F3,2026-05-25,ファミリーマート,神奈川県横浜市保土ケ谷区権太坂三丁目43,2,3,shop,convenience
TXN_6177A771,2026-05-25,ファミリーマート,神奈川県厚木市栄町二丁目16,2,1,shop,convenience
TXN_7E3D5EE4,2026-05-25,クリエイトSD,神奈川県横浜市青葉区荏田西二丁目3,2,1,amenity,pharmacy
TXN_6BCD5CE7,2026-05-25,ヤマグチ薬局,神奈川県相模原市緑区橋本2丁目6,3,2,amenity,pharmacy
TXN_406F64D6,2026-05-25,クリエイトSD,神奈川県厚木市中町13,2,3,amenity,pharmacy
TXN_9DDE0188,2026-05-25,デイリーヤマザキ,神奈川県厚木市中町13,2,2,shop,convenience
TXN_01BB819C,2026-05-25,横浜銀行,565-5,4,2,amenity,bank
TXN_CDD7F460,2026-05-25,セブン-イレブン,神奈川県相模原市南区相模大野三丁目15,3,2,shop,convenience
TXN_D2D33488,2026-05-25,ファミリーマート,神奈川県横浜市港北区菊名一丁目12,5,1,shop,convenience
TXN_F280DF1D,2026-05-25,ファミリーマート,神奈川県伊勢原市高森三丁目59,2,2,shop,convenience
TXN_65F30779,2026-05-25,ファミリーマート,神奈川県横浜市旭区東希望が丘,3,2,shop,convenience
TXN_7DB2A7AA,2026-05-25,クリエイトSD,2-30-1,5,1,amenity,pharmacy
TXN_D105C8D6,2026-05-25,セブン-イレブン,神奈川県厚木市三田1,4,2,shop,convenience
TXN_33261887,2026-05-25,ファミリーマート,神奈川県横浜市港北区新横浜二丁目,5,3,shop,convenience
TXN_8CD34C62,2026-05-25,セブン-イレブン,神奈川県相模原市中央区淵野辺3丁目18,1,3,shop,convenience
TXN_35AB8466,2026-05-25,ファミリーマート,神奈川県横浜市旭区今宿東町1,4,2,shop,convenience
TXN_D1A7BA20,2026-05-25,セブン-イレブン,神奈川県横浜市保土ヶ谷区西谷町3,4,3,shop,convenience
TXN_4D8670BD,2026-05-25,ウェルパーク,神奈川県綾瀬市上土棚南5丁目54,2,2,amenity,pharmacy
TXN_6C521D13,2026-05-25,ファミリーマート,神奈川県茅ヶ崎市東海岸北三丁目20,4,1,shop,convenience
TXN_7AAF2001,2026-05-25,セブン-イレブン,神奈川県相模原市中央区鹿沼台1丁目5,5,2,shop,convenience
TXN_EB9ED274,2026-05-25,ローソン,神奈川県海老名市上郷1丁目43,4,3,shop,convenience
TXN_5C0A1FEB,2026-05-25,セブン-イレブン,神奈川県愛川町角田1,5,3,shop,convenience
TXN_1BFFA279,2026-05-25,ローソン,神奈川県愛川町田代,2,3,shop,convenience
TXN_A5A1C825,2026-05-25,川崎駅西口郵便局,神奈川県幸区堀川町72-1,5,1,amenity,post_office
TXN_AD6ECC57,2026-05-25,ローソンストア100,神奈川県相模原市南区松が枝町25キャッスルマンション小田急相模原駅前,4,2,shop,convenience
TXN_1B1F2EB1,2026-05-25,セブン-イレブン,神奈川県座間市入谷東4丁目30,1,1,shop,convenience
TXN_BF31C29F,2026-05-25,マツモトキヨシ,神奈川県海老名市中央1丁目1,5,3,amenity,pharmacy
TXN_38958939,2026-05-25,ファミリーマート,神奈川県横浜市保土ヶ谷区仏向町,4,2,shop,convenience
TXN_ADF75924,2026-05-25,セブン-イレブン,神奈川県川崎市宮前区宮崎662-5,5,3,shop,convenience
TXN_FF69723D,2026-05-25,東柏ヶ谷薬局,神奈川県海老名市東柏ケ谷3丁目29,1,2,amenity,pharmacy
TXN_EBA900E1,2026-05-25,なの花薬局,神奈川県海老名市中央3丁目3,1,1,amenity,pharmacy
TXN_2444D301,2026-05-25,ファミリーマート,神奈川県海老名市中央四丁目1,3,2,shop,convenience
TXN_34F541C0,2026-05-25,ファミリーマート,神奈川県海老名市中新田1,5,2,shop,convenience
TXN_702BA49F,2026-05-25,アイン薬局,神奈川県海老名市中央1丁目1,4,2,amenity,pharmacy
TXN_CF685878,2026-05-25,すずね調剤薬局,神奈川県海老名市大谷北4丁目13,1,1,amenity,pharmacy
TXN_1BFF3142,2026-05-25,トモズ,神奈川県海老名市1,2,3,amenity,pharmacy
TXN_8D49FE3F,2026-05-25,ファミリーマート,神奈川県横浜市金沢区柳町7,2,2,shop,convenience
TXN_76492E64,2026-05-25,ファミリーマート,神奈川県厚木市,2,2,shop,convenience
TXN_A3F66C61,2026-05-25,横浜信用金庫,神奈川県海老名市中央2丁目8,4,2,amenity,bank
TXN_E212AB7C,2026-05-25,みらい薬局,神奈川県海老名市柏ケ谷3,2,2,amenity,pharmacy
TXN_0123A348,2026-05-25,あい薬局,神奈川県海老名市中央3丁目1,2,1,amenity,pharmacy
TXN_CF08EA54,2026-05-25,ミヤシロデンキ,神奈川県海老名市杉久保南4丁目1,1,3,shop,electronics
TXN_89718EEA,2026-05-25,クリエイトSD,神奈川県海老名市中新田2丁目27,2,2,amenity,pharmacy
TXN_1D2C2721,2026-05-25,セブン-イレブン,神奈川県厚木市戸室1-4-7,3,3,shop,convenience
TXN_F7464C02,2026-05-25,ローソンストア100,神奈川県藤沢市下土棚,3,3,shop,convenience
TXN_9645F0E4,2026-05-25,ファミリーマート,神奈川県鎌倉市大船一丁目16,1,2,shop,convenience
TXN_9E0B7B01,2026-05-25,ビックカメラ,神奈川県横浜市西区南幸229,2,3,shop,electronics
TXN_EB2EC80E,2026-05-25,ファミリーマート,神奈川県藤沢市大庭3,5,3,shop,convenience
TXN_502CF0EE,2026-05-25,クリエイトSD,神奈川県川崎市宮前区神木本町1丁目7号,1,1,amenity,pharmacy
TXN_5F90FC87,2026-05-25,ファミリーマート,神奈川県小田原市蓮正寺220,2,3,shop,convenience
TXN_234B4562,2026-05-25,セブン-イレブン,神奈川県厚木市下荻野字南四ツ谷1,5,2,shop,convenience
TXN_A2B03C4B,2026-05-25,セブン-イレブン,神奈川県大和市中央一丁目26,5,3,shop,convenience
TXN_FFF96ACF,2026-05-25,ローソン,神奈川県茅ヶ崎市16,2,3,shop,convenience
TXN_23EA7956,2026-05-25,セブン-イレブン,神奈川県横浜市旭区上川井町1,2,2,shop,convenience
TXN_0DB977A9,2026-05-25,横浜銀行,神奈川県海老名市東柏ケ谷3丁目35,3,1,amenity,bank
TXN_D0B1FDE0,2026-05-25,ファミリーマート,神奈川県海老名市東柏ケ谷三丁目6,4,3,shop,convenience
TXN_68BD075B,2026-05-25,川崎南加瀬郵便局,Kanagawa川崎市幸区南加瀬35,4,2,amenity,post_office
TXN_7D1B695E,2026-05-25,ローソン,神奈川県藤沢市片瀬海岸2丁目21,2,1,shop,convenience
TXN_C2D49B56,2026-05-25,サンドラッグ,神奈川県藤沢市鵠沼石上一丁目1,2,2,amenity,pharmacy
TXN_89A0B7EB,2026-05-25,ローソン,藤沢市鵠沼東１－１,3,1,shop,convenience
TXN_BE15AD12,2026-05-25,ローソン,神奈川県座間市緑ケ丘1丁目1,4,3,shop,convenience
TXN_1D3CA5A4,2026-05-25,ファミリーマート,神奈川県横浜市中区山下町3,3,3,shop,convenience
TXN_8AC35AC4,2026-05-25,ウエルシア,神奈川県大和市大和南116,1,3,amenity,pharmacy
TXN_FD61F13B,2026-05-25,ファミリーマート,神奈川県川崎市中原区,4,1,shop,convenience
TXN_C0582DA5,2026-05-25,セブン-イレブン,神奈川県海老名市東柏ケ谷4丁目21,2,2,shop,convenience
TXN_7321A8B2,2026-05-25,セブン-イレブン,神奈川県大和市中央林間三丁目8,3,2,shop,convenience
TXN_7066E289,2026-05-25,ファミリーマート,神奈川県横浜市港北区樽町二丁目5,1,1,shop,convenience
TXN_96822E22,2026-05-25,ファミリーマート,神奈川県横浜市中区石川町一丁目,3,3,shop,convenience
TXN_2A7DC57C,2026-05-25,ファミリーマート,神奈川県相模原市南区北里一丁目1,5,1,shop,convenience
TXN_34FA32B6,2026-05-25,クリエイトSD,国道412号線,1,3,amenity,pharmacy
TXN_98CBAA52,2026-05-25,ファミリーマート,神奈川県川崎市中原区上小田中六丁目9,5,1,shop,convenience
TXN_4AEA1B8F,2026-05-25,ファミリーマート,神奈川県横浜市鶴見区大黒ふ頭,3,3,shop,convenience
TXN_83B0B35C,2026-05-25,静岡中央銀行,神奈川県海老名市1,1,1,amenity,bank
TXN_695E5EA9,2026-05-25,ファミリーマート,神奈川県秦野市鶴巻北二丁目1-101,1,2,shop,convenience
TXN_B390B059,2026-05-25,ローソン,神奈川県川崎市宮前区馬絹4丁目47,2,1,shop,convenience
TXN_D4176230,2026-05-25,ローソン,細山三丁目1,2,3,shop,convenience
TXN_93D228D4,2026-05-25,マツモトキヨシ,神奈川県厚木市下荻野,3,3,amenity,pharmacy
TXN_135508D0,2026-05-25,セブン-イレブン,神奈川県横浜市保土ヶ谷区星川一丁目20,1,2,shop,convenience
TXN_B1D81887,2026-05-25,NewDays,神奈川県横浜市中区桜木町11,3,2,shop,convenience
TXN_94FB09F0,2026-05-25,八仙堂漢方薬局　相模原店,相模原市中央区横山２丁目,1,3,amenity,pharmacy
TXN_755CEE2A,2026-05-25,ココカラファイン,神奈川県横浜市緑区十日市場町8,3,1,amenity,pharmacy
TXN_37C3B3C9,2026-05-25,ウエルシア薬局,神奈川県厚木市泉町1,4,1,amenity,pharmacy
TXN_D40E53CE,2026-05-25,セブン-イレブン,神奈川県大和市中央二丁目2,3,2,shop,convenience
TXN_90EEB067,2026-05-25,ローソン,神奈川県横浜市栄区野七里一丁目18,4,2,shop,convenience
TXN_0C648CA2,2026-05-25,クリエイトSD,神奈川県横浜市栄区上郷町1379,1,1,amenity,pharmacy
TXN_75A72686,2026-05-25,ローソン,神奈川県厚木市愛甲1丁目2,1,1,shop,convenience
TXN_70F81DBA,2026-05-25,ローソン,神奈川県横浜市中区山元町2丁目10,4,1,shop,convenience
TXN_33CB202E,2026-05-25,セブン-イレブン,神奈川県横須賀市須軽谷1,2,3,shop,convenience
TXN_EEC71A30,2026-05-25,ファミリーマート,神奈川県厚木市下荻野13,3,1,shop,convenience
TXN_1519830C,2026-05-25,VIP三晃,神奈川県横浜市港北区菊名一丁目11,3,3,shop,electronics
TXN_0D41EE47,2026-05-25,セブン-イレブン,神奈川県大和市上草柳,4,3,shop,convenience
TXN_C156E501,2026-05-25,ガーデン薬局,神奈川県海老名市中央1丁目33,2,2,amenity,pharmacy
TXN_185DF528,2026-05-25,ガーデン薬局,神奈川県海老名市8,1,1,amenity,pharmacy
TXN_97FB613A,2026-05-25,なの花薬局,神奈川県海老名市6,2,3,amenity,pharmacy
TXN_02106371,2026-05-25,セブン-イレブン,相模原市中央区田名3992-1,3,1,shop,convenience
TXN_B1AC040D,2026-05-25,平塚信用金庫　相模原中央支店,相模原市中央区星が丘１−１０−,2,2,amenity,bank
TXN_16DE66C9,2026-05-25,ローソン,神奈川県横浜市港南区港南台三丁目1,1,1,shop,convenience
TXN_4C9BFF5C,2026-05-25,ファミリーマート,神奈川県綾瀬市深谷南三丁目8,2,2,shop,convenience
TXN_DFDF0E05,2026-05-25,ファミリーマート,神奈川県横浜市瀬谷区中央6,2,3,shop,convenience
TXN_11836C4F,2026-05-25,ファミリーマート,神奈川県横浜市瀬谷区中央35,5,3,shop,convenience
TXN_2A038AD4,2026-05-25,ファミリーマート,神奈川県横浜市瀬谷区瀬谷四丁目1,4,2,shop,convenience
TXN_BF8E8BFA,2026-05-25,セブン-イレブン,神奈川県横浜市泉区緑園616,2,2,shop,convenience
TXN_DC268108,2026-05-25,ハックドラッグ,神奈川県横浜市泉区緑園417,2,1,amenity,pharmacy
TXN_C0A0473A,2026-05-25,三井住友銀行,神奈川県横浜市泉区緑園38,1,3,amenity,bank
TXN_F69777A1,2026-05-25,三井住友信託銀行,神奈川県横浜市港南区港南台三丁目2,4,2,amenity,bank
TXN_46E75A2C,2026-05-25,セブン-イレブン,神奈川県横浜市西区みなとみらい3丁目1,1,1,shop,convenience
TXN_B89F3A92,2026-05-25,ファミリーマート,神奈川県横浜市泉区弥生台2,5,2,shop,convenience
TXN_06DDF6CA,2026-05-25,神奈川銀行,神奈川県横浜市泉区弥生台6,3,1,amenity,bank
TXN_304B2370,2026-05-25,クリエイトSD,神奈川県横浜市泉区弥生台1,4,2,amenity,pharmacy
TXN_E5DD98F1,2026-05-25,クリエイトSD,神奈川県横浜市旭区今宿西町1,2,2,amenity,pharmacy
TXN_7FE4A42E,2026-05-25,城南信用金庫,神奈川県横浜市旭区今宿西町6,5,1,amenity,bank
TXN_0316D2D6,2026-05-25,クリエイトSD,神奈川県横浜市旭区今宿西町1,3,2,amenity,pharmacy
TXN_D6C6F45C,2026-05-25,セブン-イレブン,神奈川県横浜市旭区今宿西町1,5,2,shop,convenience
TXN_2C3AACDC,2026-05-25,ツルハドラッグ,神奈川県大和市大和東11,4,1,amenity,pharmacy
TXN_0387F74D,2026-05-25,スギ薬局,神奈川県横浜市泉区新橋町1,3,1,amenity,pharmacy
TXN_F2DCB12B,2026-05-25,ローソン,神奈川県横浜市泉区新橋町3,4,3,shop,convenience
TXN_8044BEB2,2026-05-25,ファミリーマート,神奈川県川崎市中原区,4,2,shop,convenience
TXN_A3FA4069,2026-05-25,ヤマト運輸,神奈川県藤沢市長後1,5,3,amenity,post_office
TXN_15669E36,2026-05-25,ななほし薬局,神奈川県藤沢市長後,3,1,amenity,pharmacy
TXN_F96C9A0A,2026-05-25,スギ薬局,神奈川県横浜市泉区和泉町1,2,3,amenity,pharmacy
TXN_A2611B8D,2026-05-25,ファミリーマート,神奈川県横浜市泉区和泉町,1,2,shop,convenience
TXN_F413DB19,2026-05-25,セブン-イレブン,神奈川県横浜市西区みなとみらい46,2,1,shop,convenience
TXN_6F3A5115,2026-05-25,大信薬局,神奈川県横浜市泉区和泉町14,1,2,amenity,pharmacy
TXN_4F2DA233,2026-05-25,さくら薬局,神奈川県横浜市泉区和泉町9,2,1,amenity,pharmacy
TXN_B3957A98,2026-05-25,ローソン・スリーエフ,神奈川県横浜市旭区二俣川138,1,1,shop,convenience
TXN_85E3ADE5,2026-05-25,セブン-イレブン,神奈川県横浜市緑区寺山町1,5,3,shop,convenience
TXN_207E863F,2026-05-25,ローソンストア100,神奈川県大和市中央二丁目2,3,3,shop,convenience
TXN_E65FAD87,2026-05-25,薬樹薬局,神奈川県横浜市西区宮ケ谷2,1,2,amenity,pharmacy
TXN_861B4F5B,2026-05-25,田辺薬局,神奈川県横浜市西区宮ケ谷3,1,2,amenity,pharmacy
TXN_A0A5FDE6,2026-05-25,クリエイトSD,神奈川県横浜市保土ヶ谷区上星川310,1,2,amenity,pharmacy
TXN_0E3141EC,2026-05-25,ローソン,神奈川県横浜市瀬谷区目黒町13,4,3,shop,convenience
TXN_414F4994,2026-05-25,なの花薬局,神奈川県横浜市旭区二俣川167,1,3,amenity,pharmacy
TXN_3A78B64A,2026-05-25,ファミリーマート,神奈川県川崎市麻生区百合丘一丁目28,5,1,shop,convenience
TXN_03254FBD,2026-05-25,光和薬局,神奈川県横浜市神奈川区片倉51,2,1,amenity,pharmacy
TXN_EB93F78C,2026-05-25,ファミリーマート,神奈川県横浜市神奈川区片倉一丁目,2,1,shop,convenience
TXN_090D9655,2026-05-25,ローソン,神奈川県横浜市神奈川区片倉1,5,3,shop,convenience
TXN_3979D5F5,2026-05-25,ファミリーマート,神奈川県横浜市神奈川区神大寺四丁目2,3,1,shop,convenience
TXN_51E744E4,2026-05-25,ローソンストア100,神奈川県横浜市神奈川区六角橋418,3,1,shop,convenience
TXN_8085C147,2026-05-25,ココカラファイン,神奈川県横浜市保土ケ谷区帷子町13,1,1,amenity,pharmacy
TXN_FB3DF063,2026-05-25,ヤマト運輸,神奈川県横浜市神奈川区栄町4,1,2,amenity,post_office
TXN_DDB449DC,2026-05-25,ファミリーマート,神奈川県川崎市多摩区中野島三丁目20,3,2,shop,convenience
TXN_74ED5145,2026-05-25,ウエルシア薬局,神奈川県横浜市磯子区磯子623,1,2,amenity,pharmacy
TXN_C8D57717,2026-05-25,ローソン,神奈川県大和市下鶴間2,3,3,shop,convenience
TXN_5E472E22,2026-05-25,ローソン・スリーエフ,神奈川県座間市ひばりが丘2丁目8,5,2,shop,convenience
TXN_3207343E,2026-05-25,ローソン,神奈川県川崎市川崎区鋼管通2丁目14,5,1,shop,convenience
TXN_68F82063,2026-05-25,ファミリーマート,神奈川県横浜市都筑区北山田一丁目8,1,1,shop,convenience
TXN_D6EE526B,2026-05-25,ファミリーマート,神奈川県横浜市都筑区北山田二丁目1,1,2,shop,convenience
TXN_60538C1B,2026-05-25,泉山手台薬局,神奈川県横浜市泉区弥生台10,3,1,amenity,pharmacy
TXN_3CF88D20,2026-05-25,ファミリーマート,神奈川県横浜市青葉区新石川二丁目17,4,2,shop,convenience
TXN_FF38B918,2026-05-25,ファミリーマート,神奈川県横浜市港南区丸山台一丁目1,2,3,shop,convenience
TXN_EBD8A3B1,2026-05-25,ファミリーマート,神奈川県横浜市港南区上永谷二丁目,2,3,shop,convenience
TXN_5F5BA255,2026-05-25,ファミリーマート,神奈川県横浜市港南区丸山台一丁目1,4,3,shop,convenience
TXN_8163B6CE,2026-05-25,セブン-イレブン,横浜市戸塚区原宿3-14-5,2,3,shop,convenience
TXN_97867B12,2026-05-25,ローソン・スリーエフ,神奈川県大和市上和田,5,1,shop,convenience
TXN_21761930,2026-05-25,ローソン,神奈川県大和市西鶴間二丁目10,2,2,shop,convenience
TXN_ED1115D7,2026-05-25,ガーデン薬局,神奈川県海老名市中央1丁目35,4,3,amenity,pharmacy
TXN_516C3B0A,2026-05-25,ローソン,神奈川県座間市栗原中央1747-1,4,2,shop,convenience
TXN_33E4F986,2026-05-25,ノジマ,神奈川県川崎市中原区,2,3,shop,electronics
TXN_2A147A96,2026-05-25,デイリーヤマザキ,神奈川県横浜市青葉区市ケ尾町48,4,2,shop,convenience
TXN_893259F3,2026-05-25,セブン-イレブン,神奈川県横浜市神奈川区上反町2丁目5,3,1,shop,convenience
TXN_43D78F2B,2026-05-25,クリエイトSD,神奈川県川崎市高津区向ヶ丘３,1,1,amenity,pharmacy
TXN_4DE1087B,2026-05-25,アルプス薬局,神奈川県川崎市高津区諏訪一丁目15,5,1,amenity,pharmacy
TXN_53EA4919,2026-05-25,セブン-イレブン,神奈川県大和市下和田,2,1,shop,convenience
TXN_5B11F51F,2026-05-25,ファミリーマート,神奈川県横須賀市西逸見町一丁目11,4,3,shop,convenience
TXN_429A4A7C,2026-05-25,はるかぜ薬局,神奈川県横浜市戸塚区吉田町1,2,1,amenity,pharmacy
TXN_73C374A6,2026-05-25,イオン薬局イオンスタイル戸塚店,神奈川県横浜市戸塚区吉田町,5,3,amenity,pharmacy
TXN_7648776E,2026-05-25,ローソン・スリーエフ,神奈川県横浜市戸塚区名瀬町1,1,1,shop,convenience
TXN_D49347FC,2026-05-25,ヒダ薬局,神奈川県横浜市戸塚区柏尾町,2,1,amenity,pharmacy
TXN_5F4B1A97,2026-05-25,ヤマグチ薬局,神奈川県海老名市中央2丁目45,1,3,amenity,pharmacy
TXN_D010318A,2026-05-25,まごころ薬局都筑店,神奈川県横浜市都筑区北山田２－１７－３,1,1,amenity,pharmacy
TXN_E709FBA6,2026-05-25,セブン-イレブン,神奈川県大和市上和田3,4,1,shop,convenience
TXN_D450AFA2,2026-05-25,セブン-イレブン,神奈川県大和市下鶴間1,3,1,shop,convenience
TXN_0CF697A5,2026-05-25,セブン-イレブン,神奈川県大和市下鶴間1,2,3,shop,convenience
TXN_651EA252,2026-05-25,クリエイトSD,神奈川県海老名市泉2丁目1,4,1,amenity,pharmacy
TXN_2C3D17E2,2026-05-25,ガーデン薬局,神奈川県海老名市めぐみ町1,3,1,amenity,pharmacy
TXN_47A48C42,2026-05-25,薬樹薬局,神奈川県横浜市富士塚一丁目8,4,1,amenity,pharmacy
TXN_9DF2372E,2026-05-25,ファミリーマート,神奈川県横浜市青葉区青葉台二丁目1,2,3,shop,convenience
TXN_E1FDC6D1,2026-05-25,ローソン,神奈川県秦野市南矢名318,5,2,shop,convenience
TXN_620D4A1F,2026-05-25,セブン-イレブン,神奈川県大和市南林間一丁目11,2,2,shop,convenience
TXN_CC152A1B,2026-05-25,ファミリーマート,神奈川県横浜市港北区大倉山三丁目22,5,1,shop,convenience
TXN_8B2D158A,2026-05-25,ファミリーマート,神奈川県横浜市神奈川区六角橋一丁目3,1,2,shop,convenience
TXN_7ACC9970,2026-05-25,ファミリーマート,神奈川県川崎市多摩区,5,2,shop,convenience
TXN_809CD839,2026-05-25,サンドラッグ,神奈川県川崎市高津区溝口1丁目5,3,2,amenity,pharmacy
TXN_51A1F5DF,2026-05-25,フジ薬局登戸駅ビル店,神奈川県川崎市多摩区登戸,5,1,amenity,pharmacy
TXN_C74E48FF,2026-05-25,ローソン,黒川1,3,1,shop,convenience
TXN_8788DFED,2026-05-25,ファミリーマート,神奈川県川崎市高津区二子四丁目6,3,3,shop,convenience
TXN_28DD2BFD,2026-05-25,スマイル,産業道路,1,1,amenity,pharmacy
TXN_889FE107,2026-05-25,ノジマ,美しが丘一丁目,1,1,shop,electronics
TXN_CC21CBDB,2026-05-25,ビックカメラ,神奈川県相模原市南区相模大野3丁目1,4,2,shop,electronics
TXN_D86065A2,2026-05-25,クリエイトSD,神奈川県横浜市神奈川区西大口4,2,1,amenity,pharmacy
TXN_CE63CB1A,2026-05-25,ファミリーマート,神奈川県横浜市港北区日吉二丁目11,3,3,shop,convenience
TXN_5A07D758,2026-05-25,セブン-イレブン,横浜市西区北幸１－１１－１５,5,3,shop,convenience
TXN_303014D0,2026-05-25,ひだまり薬局,神奈川県横浜市戸塚区戸塚町15,4,3,amenity,pharmacy
TXN_09B7FDF7,2026-05-25,横浜銀行,神奈川県海老名市10,1,1,amenity,bank
TXN_051A0039,2026-05-25,ファミリーマート,神奈川県横浜市神奈川区西寺尾一丁目2,5,2,shop,convenience
TXN_9D37EFB6,2026-05-25,ファミリーマート,神奈川県横浜市青葉区あざみ野二丁目8,2,1,shop,convenience
TXN_EB3537A0,2026-05-25,ファミリーマート,神奈川県川崎市幸区,3,1,shop,convenience
TXN_B466FAB6,2026-05-25,ファミリーマート,神奈川県横浜市旭区鶴ヶ峰二丁目,2,1,shop,convenience
TXN_5D696BC8,2026-05-25,セブン-イレブン,下永谷二丁目28-9,1,2,shop,convenience
TXN_6545C030,2026-05-25,アポロ薬局,下永谷二丁目28-17,5,1,amenity,pharmacy
TXN_22EE7F07,2026-05-25,中川駅前薬局,神奈川県横浜市都筑区中川一丁目23号,2,3,amenity,pharmacy
TXN_A3A6EF83,2026-05-25,セブン-イレブン,下永谷四丁目2-9,4,3,shop,convenience
TXN_F7FF88D4,2026-05-25,ミニストップ,神奈川県小田原市曽我原,5,3,shop,convenience
TXN_C9784B52,2026-05-25,ファミリーマート,神奈川県横浜市保土ケ谷区星川一丁目1,3,1,shop,convenience
TXN_2CE3D822,2026-05-25,ローソン,神奈川県川崎市川崎市区渡田向町,4,2,shop,convenience
TXN_2099E71F,2026-05-25,セイムス,1,2,3,amenity,pharmacy
TXN_F2DDE1F5,2026-05-25,静岡中央銀行,神奈川県茅ヶ崎市香川45,5,2,amenity,bank
TXN_F7164B73,2026-05-25,セブン-イレブン,神奈川県茅ヶ崎市香川410,5,1,shop,convenience
TXN_EBC92914,2026-05-25,静岡中央銀行,神奈川県寒川町倉見3,5,1,amenity,bank
TXN_EFCAC577,2026-05-25,三進堂薬局,新横浜二丁目9,4,1,amenity,pharmacy
TXN_3CED4D1F,2026-05-25,横浜中華街郵便局,神奈川県横浜市中区山下町1,3,2,amenity,post_office
TXN_F68C62E6,2026-05-25,ファミリーマート,神奈川県横須賀市長坂一丁目2,1,3,shop,convenience
TXN_E2FBB984,2026-05-25,ホッペ薬局 新横浜駅店,神奈川県横浜市港北区篠原町2865新横浜ビルディング1F,3,2,amenity,pharmacy
TXN_3FE1E8F3,2026-05-25,ローソン,横浜市青葉区荏田町3,1,2,shop,convenience
TXN_B86D066B,2026-05-25,ファミリーマート,神奈川県横浜市港南区笹下一丁目15,1,1,shop,convenience
TXN_6B6E64C5,2026-05-25,セブン-イレブン,神奈川県厚木市長谷402,2,2,shop,convenience
TXN_59EA4936,2026-05-25,ミニストップ,神奈川県横浜市青葉区荏田町1,5,2,shop,convenience
TXN_C9EA356A,2026-05-25,セブン-イレブン,神奈川県藤沢市南藤沢12,5,3,shop,convenience
TXN_29A3DB6D,2026-05-25,マツモトキヨシ,神奈川県海老名市東柏ケ谷5丁目6,4,1,amenity,pharmacy
TXN_4B7F2183,2026-05-25,ローソン,神奈川県大和市深見台四丁目20,1,2,shop,convenience
TXN_12FECC2B,2026-05-25,ローソンストア100,神奈川県大和市南林間七丁目1,3,1,shop,convenience
TXN_BB635FF5,2026-05-25,ファミリーマート,神奈川県川崎市麻生区王禅寺西三丁目8,1,3,shop,convenience
TXN_17D5B563,2026-05-25,ローソン,神奈川県大和市中央四丁目12,3,3,shop,convenience
TXN_7B94A34D,2026-05-25,セブン-イレブン,神奈川県小田原市栄町一丁目2,1,2,shop,convenience
TXN_9B792AFA,2026-05-25,ファミリーマート,神奈川県横浜市戸塚区平戸二丁目35,4,1,shop,convenience
TXN_349EF4A9,2026-05-25,ローソン,神奈川県小田原市栄町一丁目15,2,2,shop,convenience
TXN_ECF26429,2026-05-25,セブン-イレブン,神奈川県川崎市中原区上新城二丁目7,5,2,shop,convenience
TXN_3CCFF6EB,2026-05-25,セブン-イレブン,神奈川県横浜市中区新港2丁目1,1,1,shop,convenience
TXN_D700B461,2026-05-25,三菱UFJ銀行ATMコーナー 宮前平,神奈川県川崎市宮前区宮前平1丁目5号,4,1,amenity,bank
TXN_6D779595,2026-05-25,ファミリーマート,神奈川県横浜市青葉区新石川一丁目5,1,2,shop,convenience
TXN_99A7B99B,2026-05-25,そうごう薬局,荏田町1,4,1,amenity,pharmacy
TXN_2BBBA89D,2026-05-25,ツルハドラッグ,神奈川県横浜市鶴見区11,3,1,amenity,pharmacy
TXN_4EF03F80,2026-05-25,タテヤマ,神奈川県横浜市旭区若葉台3丁目,4,2,shop,electronics
TXN_43D75413,2026-05-25,セブン-イレブン,神奈川県小田原市城山一丁目1,1,3,shop,convenience
TXN_5EFB336E,2026-05-25,ファミリーマート,神奈川県横浜市西区南幸二丁目3,4,2,shop,convenience
TXN_43675D58,2026-05-25,セブン-イレブン,神奈川県川崎市川崎区東田町3,4,2,shop,convenience
TXN_44C07A9A,2026-05-25,クリエイト東山北店,神奈川県山北町向原,5,1,amenity,pharmacy
TXN_AADF3692,2026-05-25,太陽薬局,神奈川県向原,1,1,amenity,pharmacy
TXN_8A9C66F7,2026-05-25,さがみ信用金庫山北支店,神奈川県山北町山北,4,3,amenity,bank
TXN_D73E7BB9,2026-05-25,ファミリーマート,神奈川県伊勢原市下糟屋,4,3,shop,convenience
TXN_AFE3AF13,2026-05-25,クリエイト開成町店,神奈川県開成町円通寺1,4,3,amenity,pharmacy
TXN_4C819260,2026-05-25,ローソン・スリーエフ,神奈川県大和市大和東二丁目1,1,2,shop,convenience
TXN_08E3F771,2026-05-25,ドラッグセイムス開成宮台店,神奈川県開成町宮台1,5,3,amenity,pharmacy
TXN_924CDE09,2026-05-25,アイン薬局,神奈川県川崎市中原区小杉町1別館1F,5,1,amenity,pharmacy
TXN_72F444AB,2026-05-25,セブン-イレブン,神奈川県川崎市川崎区渡田東町5,2,1,shop,convenience
TXN_31567F2A,2026-05-25,ファミリーマート,神奈川県川崎市川崎区京町三丁目4,2,1,shop,convenience
TXN_AEE14F87,2026-05-25,川崎大島郵便局,神奈川県川崎市川崎区境町22,4,1,amenity,post_office
TXN_25DB5946,2026-05-25,ファミリーマート,神奈川県伊勢原市下糟屋,5,2,shop,convenience
TXN_EA074D80,2026-05-25,Cremoヴェルミ大雄山店,神奈川県南足柄市関本,1,1,amenity,pharmacy
TXN_8D536C75,2026-05-25,ローソン Ｓ足柄上病院店,神奈川県松田町松田惣領1,3,2,shop,convenience
TXN_DF9B7C1F,2026-05-25,ローソン・スリーエフ,神奈川県藤沢市辻堂新町3-10-16,1,3,shop,convenience
TXN_C81C8D31,2026-05-25,くろだ薬局,神奈川県大和市中央林間三丁目6,4,1,amenity,pharmacy
TXN_910C4CB7,2026-05-25,ローソン,神奈川県海老名市中央2丁目1,5,3,shop,convenience
TXN_19A6F80E,2026-05-25,クリエイトSD,神奈川県秦野市平沢2,1,3,amenity,pharmacy
TXN_493D6196,2026-05-25,相川郵便局,神奈川県厚木市酒井,5,2,amenity,post_office
TXN_620F230B,2026-05-25,横浜下野谷町郵便局,神奈川県横浜市鶴見区下野谷町三丁目1,4,3,amenity,post_office
TXN_2C154804,2026-05-25,セブン-イレブン,神奈川県大和市中央林間四丁目2,3,2,shop,convenience
TXN_AE49C079,2026-05-25,クリエイトSD,神奈川県川崎市麻生区千代ヶ丘95,4,1,amenity,pharmacy
TXN_54DCCBA5,2026-05-25,ファミリーマート,神奈川県川崎市高津区溝口一丁目1,2,1,shop,convenience
TXN_44C1F1B5,2026-05-25,ファミリーマート,神奈川県厚木市,3,1,shop,convenience
TXN_4D950273,2026-05-25,ドラッグセイムス,神奈川県藤沢市湘南台2丁目4,3,2,amenity,pharmacy
TXN_B23909F4,2026-05-25,アイン薬局　中央林間店,神奈川県大和市中央林間四丁目3,1,1,amenity,pharmacy
TXN_BE64AC2A,2026-05-25,楽樹薬局,神奈川県大和市中央林間四丁目20,4,2,amenity,pharmacy
TXN_9ADFE981,2026-05-25,セブンス薬局,神奈川県大和市中央林間八丁目10,1,1,amenity,pharmacy
TXN_D2EFA93B,2026-05-25,ウエルシア薬局,神奈川県大和市中央林間八丁目2,4,3,amenity,pharmacy
TXN_DE0018AA,2026-05-25,スギ薬局,神奈川県海老名市中央2丁目29,3,1,amenity,pharmacy
TXN_10CC4604,2026-05-25,横浜銀行,神奈川県小田原市曽我谷津,3,3,amenity,bank
TXN_C7CFECA8,2026-05-25,ファミリーマート,神奈川県川崎市川崎区小川町1-26,5,3,shop,convenience
TXN_E00BD534,2026-05-25,NewDays,神奈川県川崎市幸区鹿島田一丁目1,2,1,shop,convenience
TXN_0CF173F9,2026-05-25,セブン-イレブン,神奈川県川崎市幸区鹿島田二丁目58,3,3,shop,convenience
TXN_D2D14EF5,2026-05-25,ファミリーマート,神奈川県川崎市幸区鹿島田一丁目5,4,3,shop,convenience
TXN_1FB621AE,2026-05-25,みずほ銀行,神奈川県海老名市中央1丁目1,1,1,amenity,bank
TXN_7233D5AF,2026-05-25,ファミリーマート,神奈川県横浜市戸塚区品濃町8,2,2,shop,convenience
TXN_5820B3F2,2026-05-25,ファミリーマート,神奈川県相模原市緑区与瀬1,2,2,shop,convenience
TXN_1723ECDB,2026-05-25,セブン-イレブン,神奈川県相模原市緑区与瀬,3,1,shop,convenience
TXN_DA9408C0,2026-05-25,スギ薬局,神奈川県海老名市中央1丁目2,5,1,amenity,pharmacy
TXN_39A0F145,2026-05-25,デイリーヤマザキ,神奈川県綾瀬市寺尾北1丁目8,2,2,shop,convenience
TXN_052226B9,2026-05-25,ファミリーマート,神奈川県川崎市多摩区,1,2,shop,convenience
TXN_2C56E0CD,2026-05-25,なの花薬局,神奈川県海老名市国分北1丁目35,5,1,amenity,pharmacy
TXN_CE1A1669,2026-05-25,HAC Welcia,神奈川県川崎市中原区,3,3,amenity,pharmacy
TXN_467F358B,2026-05-25,デイリーヤマザキ秦野駅前店,神奈川県秦野市今川町3,4,2,shop,convenience
TXN_4082FCDA,2026-05-25,ファミリーマート,神奈川県横浜市緑区東本郷一丁目6,2,2,shop,convenience
TXN_D30608BE,2026-05-25,セブン-イレブン,神奈川県横浜市瀬谷区中屋敷一丁目1,5,2,shop,convenience
TXN_82F29004,2026-05-25,フォーライフ薬局マーク店,神奈川県横浜市瀬谷区五貫目町74,3,3,amenity,pharmacy
TXN_485D831C,2026-05-25,ファミリーマート,神奈川県小田原市,3,3,shop,convenience
TXN_5616AF7E,2026-05-25,デイリーヤマザキ,神奈川県箱根町強羅556,3,3,shop,convenience
TXN_42DA8609,2026-05-25,楽樹薬局ココロット鶴ヶ峰店,神奈川県横浜市旭区鶴ヶ峰二丁目1,3,1,amenity,pharmacy
TXN_3D846FC9,2026-05-25,ファミリーマート,神奈川県海老名市中央1丁目7,1,3,shop,convenience
TXN_AE46024D,2026-05-25,横浜豊岡郵便局,神奈川県横浜市鶴見区豊岡町14,2,3,amenity,post_office
TXN_FF5A229E,2026-05-25,セブン-イレブン,神奈川県川崎市中原区市ノ坪581,3,2,shop,convenience
TXN_6365FC2A,2026-05-25,ファミリーマート,神奈川県川崎市中原区田尻町1,1,3,shop,convenience
TXN_D0E656E5,2026-05-25,エディオン,神奈川県伊勢原市桜台一丁目3,2,2,shop,electronics
TXN_AFB28B3D,2026-05-25,ファミリーマート,神奈川県横浜市瀬谷区瀬谷四丁目1,5,3,shop,convenience
TXN_F0CF9D73,2026-05-25,ローソン,神奈川県大和市中央林間二丁目12,3,3,shop,convenience
TXN_D73418FE,2026-05-25,ビッグプラグ,神奈川県川崎市,5,1,shop,electronics
TXN_20C0F275,2026-05-25,ローソンストア100,神奈川県川崎市麻生区高石三丁目15,3,3,shop,convenience
TXN_E9A1C6D5,2026-05-25,戸塚郵便局,横浜市戸塚区戸塚町1,2,3,amenity,post_office
TXN_16DC5A6E,2026-05-25,スルガ銀行,横浜市戸塚区戸塚町,2,2,amenity,bank
TXN_4E9D23E9,2026-05-25,みずほ銀行,横浜市戸塚区戸塚町1,4,2,amenity,bank
TXN_4B46EF33,2026-05-25,マツモトキヨシ,横浜市戸塚区戸塚町1,4,1,amenity,pharmacy
TXN_A267D32F,2026-05-25,きらぼし銀行,神奈川県海老名市中央1丁目14,5,3,amenity,bank
TXN_78E36397,2026-05-25,みずほ銀行,神奈川県横浜市中区本町三丁目33,2,3,amenity,bank
TXN_61B512ED,2026-05-25,セブン-イレブン,神奈川県大和市桜森一丁目20,5,2,shop,convenience
TXN_DAAF7529,2026-05-25,横浜桜木郵便局,神奈川県横浜市中区桜木町1丁目,2,1,amenity,post_office
TXN_68C0CBEF,2026-05-25,青葉郵便局,神奈川県横浜市青葉区荏田西一丁目5,5,2,amenity,post_office
TXN_B7360C4F,2026-05-25,クリエイトSD,神奈川県海老名市柏ケ谷,2,1,amenity,pharmacy
TXN_FC9476B1,2026-05-25,ファミリーマート,神奈川県鎌倉市大船二丁目31,2,2,shop,convenience
TXN_73B9C2AC,2026-05-25,セブン-イレブン,神奈川県海老名市柏ケ谷1,3,1,shop,convenience
TXN_938703C9,2026-05-25,セブン-イレブン,神奈川県綾瀬市深谷中53,2,2,shop,convenience
TXN_1689E0B8,2026-05-25,ファミリーマート,神奈川県横浜市磯子区丸山二丁目5,2,3,shop,convenience
TXN_6744CB9E,2026-05-25,ローソン,神奈川県綾瀬市,4,2,shop,convenience
TXN_88A5FA0D,2026-05-25,鎌倉郵便局,若宮大路鎌倉市小町１－１０－３,2,3,amenity,post_office
TXN_E45A87E8,2026-05-25,鎌倉郵便局,若宮大路鎌倉市小町１－１０－３,3,3,amenity,post_office
TXN_010E4265,2026-05-25,ヤマダデンキ,神奈川県海老名市中央2丁目1,2,1,shop,electronics
TXN_4FE54745,2026-05-25,クリエイトSD,神奈川県海老名市杉久保北4丁目22,2,1,amenity,pharmacy
TXN_4E5D8F12,2026-05-25,ファミリーマート,神奈川県横浜市瀬谷区橋戸三丁目6,2,1,shop,convenience
TXN_F2CE7EEB,2026-05-25,ローソンストア100,神奈川県横浜市瀬谷区瀬谷4丁目1,3,2,shop,convenience
TXN_862C92FD,2026-05-25,セブン-イレブン,神奈川県川崎市幸区南加瀬3丁目20,3,2,shop,convenience
TXN_2240063B,2026-05-25,ヤマダ電機,神奈川県横浜市戸塚区汲沢二丁目7,3,2,shop,electronics
TXN_2A35CE30,2026-05-25,セブン-イレブン,神奈川県綾瀬市1,4,1,shop,convenience
TXN_FC21109B,2026-05-25,ファミリーマート,神奈川県横浜市金沢区柴町5,2,1,shop,convenience
TXN_812FAA38,2026-05-25,JAさがみ,神奈川県海老名市中河内,2,1,amenity,bank
TXN_CAC8D87E,2026-05-25,さがみ農業協同組合 海老名支店,神奈川県海老名市中央1丁目47,1,2,amenity,bank
TXN_C5709E30,2026-05-25,ファミリーマート,神奈川県綾瀬市小園1,5,3,shop,convenience
TXN_0C472187,2026-05-25,ローソン,神奈川県海老名市中央1丁目52,1,3,shop,convenience
TXN_B0937085,2026-05-25,ファミリーマート,神奈川県川崎市幸区小向西町四丁目,1,2,shop,convenience
TXN_8C1AB2C7,2026-05-25,ファミリーマート,神奈川県海老名市社家三丁目18,3,2,shop,convenience
TXN_B1F81AD9,2026-05-25,ファミリーマート,神奈川県川崎市幸区中幸町三丁目2,1,2,shop,convenience
TXN_A9987BDF,2026-05-25,ファミリーマート,神奈川県大和市代官二丁目4,5,2,shop,convenience
TXN_231D260B,2026-05-25,ファミリーマート,神奈川県愛川町中津1,4,1,shop,convenience
TXN_1E23DA4B,2026-05-25,みずほ銀行,神奈川県川崎市川崎区砂子2丁目10,3,1,amenity,bank
TXN_32DA81F0,2026-05-25,りそな銀行,神奈川県川崎市川崎区砂子2丁目11,5,1,amenity,bank
TXN_85ECE729,2026-05-25,三井住友信託銀行,神奈川県川崎市川崎区駅前本町3-1,2,2,amenity,bank
TXN_290E3E89,2026-05-25,三菱UFJ銀行,神奈川県川崎市川崎区砂子2丁目13,1,3,amenity,bank
TXN_B02E21AA,2026-05-25,ファミリーマート,神奈川県横浜市旭区市沢町31,4,2,shop,convenience
TXN_ABF0263E,2026-05-25,中川駅前郵便局,神奈川県横浜市都筑区中川一丁目33号,1,1,amenity,post_office
TXN_7E7D9A19,2026-05-25,ファミリーマート,神奈川県大和市深見西一丁目32,2,1,shop,convenience
TXN_B93B770C,2026-05-25,ファミリーマート,神奈川県横浜市港北区日吉本町一丁目25,1,2,shop,convenience
TXN_FD1935CC,2026-05-25,ファミリーマート,神奈川県茅ヶ崎市赤羽根1,3,2,shop,convenience
TXN_D02C75F9,2026-05-25,セブン-イレブン,神奈川県茅ヶ崎市松林二丁目3,2,1,shop,convenience
TXN_CD3566EF,2026-05-25,ファミリーマート,神奈川県相模原市中央区淵野辺本町3丁目16,3,2,shop,convenience
TXN_D9EB404C,2026-05-25,ファミリーマート,神奈川県大和市下鶴間1,1,1,shop,convenience
TXN_A5AECF37,2026-05-25,ファミリーマート,神奈川県横浜市戸塚区吉田町1,2,2,shop,convenience
TXN_F480B91E,2026-05-25,横浜銀行,横浜市戸塚区上倉田町2,5,2,amenity,bank
TXN_5F642A53,2026-05-25,ハックドラッグ,横浜市戸塚区汲沢,3,1,amenity,pharmacy
TXN_F659F188,2026-05-25,横浜倉田郵便局,横浜市戸塚区上倉田町2,4,2,amenity,post_office
TXN_D9C59CD9,2026-05-25,ファミリーマート,神奈川県横浜市港北区新横浜二丁目22,4,2,shop,convenience
TXN_2AB202C2,2026-05-25,ファミリーマート,神奈川県横浜市泉区和泉中央南一丁目10,1,1,shop,convenience
TXN_FB481DED,2026-05-25,ファミリーマート,神奈川県横浜市瀬谷区北町12,2,1,shop,convenience
TXN_7B90942F,2026-05-25,ファミリーマート,神奈川県横浜市保土ケ谷区狩場町3,5,3,shop,convenience
TXN_613758C3,2026-05-25,ファミリーマート,神奈川県大磯町大磯,3,3,shop,convenience
TXN_E1446B45,2026-05-25,かながわ信用金庫,神奈川県横浜市旭区二俣川1,2,2,amenity,bank
TXN_E3395B1A,2026-05-25,セブン-イレブン,神奈川県横浜市緑区十日市場町1,4,2,shop,convenience
TXN_A7AC590C,2026-05-25,ファミリーマート,神奈川県横浜市港南区丸山台三丁目1,3,1,shop,convenience
TXN_865A7766,2026-05-25,ファミリーマート,神奈川県川崎市宮前区南野川三丁目28,5,3,shop,convenience
TXN_F4ACC7E2,2026-05-25,ファミリーマート,神奈川県大和市上草柳3,3,3,shop,convenience
